Date,Beginning Inventory (ml),Demand (ml),Arrivals (ml),Ending Inventory (ml),Lost Volume (ml),Order Quantity (ml),Outstanding Inventory (ml),Inventory Position (ml),Bar Name,Brand Name,Par Level (ml),Stockout
2023-10-20,4620.67,587.94,0.0,4032.73,0.0,0.0,0.0,4032.73,Anderson's Bar,Barefoot,564.7953468882297,False
2023-10-21,4032.73,0.0,0.0,4032.73,0.0,0.0,0.0,4032.73,Anderson's Bar,Barefoot,564.7953468882297,False
2023-10-22,4032.73,0.0,0.0,4032.73,0.0,0.0,0.0,4032.73,Anderson's Bar,Barefoot,564.7953468882297,False
2023-10-23,4032.73,0.0,0.0,4032.73,0.0,0.0,0.0,4032.73,Anderson's Bar,Barefoot,564.7953468882297,False
2023-10-24,4032.73,0.0,0.0,4032.73,0.0,0.0,0.0,4032.73,Anderson's Bar,Barefoot,564.7953468882297,False
2023-10-25,4032.73,0.0,0.0,4032.73,0.0,0.0,0.0,4032.73,Anderson's Bar,Barefoot,564.7953468882297,False
2023-10-26,4032.73,0.0,0.0,4032.73,0.0,0.0,0.0,4032.73,Anderson's Bar,Barefoot,564.7953468882297,False
2023-10-27,4032.73,0.0,0.0,4032.73,0.0,0.0,0.0,4032.73,Anderson's Bar,Barefoot,564.7953468882297,False
2023-10-28,4032.73,0.0,0.0,4032.73,0.0,0.0,0.0,4032.73,Anderson's Bar,Barefoot,564.7953468882297,False
2023-10-29,4032.73,0.0,0.0,4032.73,0.0,0.0,0.0,4032.73,Anderson's Bar,Barefoot,564.7953468882297,False
2023-10-30,4032.73,0.0,0.0,4032.73,0.0,0.0,0.0,4032.73,Anderson's Bar,Barefoot,564.7953468882297,False
2023-10-31,4032.73,0.0,0.0,4032.73,0.0,0.0,0.0,4032.73,Anderson's Bar,Barefoot,564.7953468882297,False
2023-11-01,4032.73,0.0,0.0,4032.73,0.0,0.0,0.0,4032.73,Anderson's Bar,Barefoot,564.7953468882297,False
2023-11-02,4032.73,0.0,0.0,4032.73,0.0,0.0,0.0,4032.73,Anderson's Bar,Barefoot,564.7953468882297,False
2023-11-03,4032.73,0.0,0.0,4032.73,0.0,0.0,0.0,4032.73,Anderson's Bar,Barefoot,564.7953468882297,False
2023-11-04,4032.73,0.0,0.0,4032.73,0.0,0.0,0.0,4032.73,Anderson's Bar,Barefoot,564.7953468882297,False
2023-11-05,4032.73,349.94,0.0,3682.79,0.0,0.0,0.0,3682.79,Anderson's Bar,Barefoot,564.7953468882297,False
2023-11-06,3682.79,0.0,0.0,3682.79,0.0,0.0,0.0,3682.79,Anderson's Bar,Barefoot,564.7953468882297,False
2023-11-07,3682.79,0.0,0.0,3682.79,0.0,0.0,0.0,3682.79,Anderson's Bar,Barefoot,564.7953468882297,False
2023-11-08,3682.79,0.0,0.0,3682.79,0.0,0.0,0.0,3682.79,Anderson's Bar,Barefoot,564.7953468882297,False
2023-11-09,3682.79,0.0,0.0,3682.79,0.0,0.0,0.0,3682.79,Anderson's Bar,Barefoot,564.7953468882297,False
2023-11-10,3682.79,0.0,0.0,3682.79,0.0,0.0,0.0,3682.79,Anderson's Bar,Barefoot,564.7953468882297,False
2023-11-11,3682.79,0.0,0.0,3682.79,0.0,0.0,0.0,3682.79,Anderson's Bar,Barefoot,564.7953468882297,False
2023-11-12,3682.79,573.65,0.0,3109.14,0.0,0.0,0.0,3109.14,Anderson's Bar,Barefoot,564.7953468882297,False
2023-11-13,3109.14,0.0,0.0,3109.14,0.0,0.0,0.0,3109.14,Anderson's Bar,Barefoot,564.7953468882297,False
2023-11-14,3109.14,0.0,0.0,3109.14,0.0,0.0,0.0,3109.14,Anderson's Bar,Barefoot,564.7953468882297,False
2023-11-15,3109.14,0.0,0.0,3109.14,0.0,0.0,0.0,3109.14,Anderson's Bar,Barefoot,564.7953468882297,False
2023-11-16,3109.14,231.8,0.0,2877.3399999999997,0.0,0.0,0.0,2877.3399999999997,Anderson's Bar,Barefoot,564.7953468882297,False
2023-11-17,2877.3399999999997,0.0,0.0,2877.3399999999997,0.0,0.0,0.0,2877.3399999999997,Anderson's Bar,Barefoot,564.7953468882297,False
2023-11-18,2877.3399999999997,0.0,0.0,2877.3399999999997,0.0,0.0,0.0,2877.3399999999997,Anderson's Bar,Barefoot,564.7953468882297,False
2023-11-19,2877.3399999999997,0.0,0.0,2877.3399999999997,0.0,0.0,0.0,2877.3399999999997,Anderson's Bar,Barefoot,564.7953468882297,False
2023-11-20,2877.3399999999997,0.0,0.0,2877.3399999999997,0.0,0.0,0.0,2877.3399999999997,Anderson's Bar,Barefoot,564.7953468882297,False
2023-11-21,2877.3399999999997,384.85,0.0,2492.49,0.0,0.0,0.0,2492.49,Anderson's Bar,Barefoot,564.7953468882297,False
2023-11-22,2492.49,0.0,0.0,2492.49,0.0,0.0,0.0,2492.49,Anderson's Bar,Barefoot,564.7953468882297,False
2023-11-23,2492.49,0.0,0.0,2492.49,0.0,0.0,0.0,2492.49,Anderson's Bar,Barefoot,564.7953468882297,False
2023-11-24,2492.49,0.0,0.0,2492.49,0.0,0.0,0.0,2492.49,Anderson's Bar,Barefoot,564.7953468882297,False
2023-11-25,2492.49,0.0,0.0,2492.49,0.0,0.0,0.0,2492.49,Anderson's Bar,Barefoot,564.7953468882297,False
2023-11-26,2492.49,0.0,0.0,2492.49,0.0,0.0,0.0,2492.49,Anderson's Bar,Barefoot,564.7953468882297,False
2023-11-27,2492.49,0.0,0.0,2492.49,0.0,0.0,0.0,2492.49,Anderson's Bar,Barefoot,564.7953468882297,False
2023-11-28,2492.49,0.0,0.0,2492.49,0.0,0.0,0.0,2492.49,Anderson's Bar,Barefoot,564.7953468882297,False
2023-11-29,2492.49,0.0,0.0,2492.49,0.0,0.0,0.0,2492.49,Anderson's Bar,Barefoot,564.7953468882297,False
2023-11-30,2492.49,250.5,0.0,2241.99,0.0,0.0,0.0,2241.99,Anderson's Bar,Barefoot,564.7953468882297,False
2023-12-01,2241.99,0.0,0.0,2241.99,0.0,0.0,0.0,2241.99,Anderson's Bar,Barefoot,564.7953468882297,False
2023-12-02,2241.99,287.17,0.0,1954.8199999999997,0.0,0.0,0.0,1954.8199999999997,Anderson's Bar,Barefoot,564.7953468882297,False
2023-12-03,1954.8199999999997,124.88,0.0,1829.9399999999996,0.0,0.0,0.0,1829.9399999999996,Anderson's Bar,Barefoot,564.7953468882297,False
2023-12-04,1829.9399999999996,0.0,0.0,1829.9399999999996,0.0,0.0,0.0,1829.9399999999996,Anderson's Bar,Barefoot,564.7953468882297,False
2023-12-05,1829.9399999999996,0.0,0.0,1829.9399999999996,0.0,0.0,0.0,1829.9399999999996,Anderson's Bar,Barefoot,564.7953468882297,False
2023-12-06,1829.9399999999996,0.0,0.0,1829.9399999999996,0.0,0.0,0.0,1829.9399999999996,Anderson's Bar,Barefoot,564.7953468882297,False
2023-12-07,1829.9399999999996,0.0,0.0,1829.9399999999996,0.0,0.0,0.0,1829.9399999999996,Anderson's Bar,Barefoot,564.7953468882297,False
2023-12-08,1829.9399999999996,0.0,0.0,1829.9399999999996,0.0,0.0,0.0,1829.9399999999996,Anderson's Bar,Barefoot,564.7953468882297,False
2023-12-09,1829.9399999999996,275.74,0.0,1554.1999999999996,0.0,0.0,0.0,1554.1999999999996,Anderson's Bar,Barefoot,564.7953468882297,False
2023-12-10,1554.1999999999996,0.0,0.0,1554.1999999999996,0.0,0.0,0.0,1554.1999999999996,Anderson's Bar,Barefoot,564.7953468882297,False
2023-12-11,1554.1999999999996,0.0,0.0,1554.1999999999996,0.0,0.0,0.0,1554.1999999999996,Anderson's Bar,Barefoot,564.7953468882297,False
2023-12-12,1554.1999999999996,513.52,0.0,1040.6799999999996,0.0,0.0,0.0,1040.6799999999996,Anderson's Bar,Barefoot,564.7953468882297,False
2023-12-13,1040.6799999999996,0.0,0.0,1040.6799999999996,0.0,0.0,0.0,1040.6799999999996,Anderson's Bar,Barefoot,564.7953468882297,False
2023-12-14,1040.6799999999996,0.0,0.0,1040.6799999999996,0.0,0.0,0.0,1040.6799999999996,Anderson's Bar,Barefoot,564.7953468882297,False
2023-12-15,1040.6799999999996,0.0,0.0,1040.6799999999996,0.0,0.0,0.0,1040.6799999999996,Anderson's Bar,Barefoot,564.7953468882297,False
2023-12-16,1040.6799999999996,0.0,0.0,1040.6799999999996,0.0,0.0,0.0,1040.6799999999996,Anderson's Bar,Barefoot,564.7953468882297,False
2023-12-17,1040.6799999999996,0.0,0.0,1040.6799999999996,0.0,0.0,0.0,1040.6799999999996,Anderson's Bar,Barefoot,564.7953468882297,False
2023-12-18,1040.6799999999996,0.0,0.0,1040.6799999999996,0.0,0.0,0.0,1040.6799999999996,Anderson's Bar,Barefoot,564.7953468882297,False
2023-12-19,1040.6799999999996,287.38,0.0,753.2999999999996,0.0,0.0,0.0,753.2999999999996,Anderson's Bar,Barefoot,564.7953468882297,False
2023-12-20,753.2999999999996,0.0,0.0,753.2999999999996,0.0,0.0,0.0,753.2999999999996,Anderson's Bar,Barefoot,564.7953468882297,False
2023-12-21,753.2999999999996,0.0,0.0,753.2999999999996,0.0,0.0,0.0,753.2999999999996,Anderson's Bar,Barefoot,564.7953468882297,False
2023-12-22,753.2999999999996,0.0,0.0,753.2999999999996,0.0,0.0,0.0,753.2999999999996,Anderson's Bar,Barefoot,564.7953468882297,False
2023-12-23,753.2999999999996,0.0,0.0,753.2999999999996,0.0,0.0,0.0,753.2999999999996,Anderson's Bar,Barefoot,564.7953468882297,False
2023-12-24,753.2999999999996,0.0,0.0,753.2999999999996,0.0,0.0,0.0,753.2999999999996,Anderson's Bar,Barefoot,564.7953468882297,False
2023-12-25,753.2999999999996,0.0,0.0,753.2999999999996,0.0,0.0,0.0,753.2999999999996,Anderson's Bar,Barefoot,564.7953468882297,False
2023-12-26,753.2999999999996,0.0,0.0,753.2999999999996,0.0,0.0,0.0,753.2999999999996,Anderson's Bar,Barefoot,564.7953468882297,False
2023-12-27,753.2999999999996,194.55,0.0,558.7499999999995,0.0,6.045346888230142,0.0,558.7499999999995,Anderson's Bar,Barefoot,564.7953468882297,False
2023-12-28,558.7499999999995,0.0,0.0,558.7499999999995,0.0,0.0,6.045346888230142,564.7953468882297,Anderson's Bar,Barefoot,564.7953468882297,False
2023-12-29,564.7953468882297,0.0,6.045346888230142,564.7953468882297,0.0,0.0,0.0,564.7953468882297,Anderson's Bar,Barefoot,564.7953468882297,False
2023-12-30,564.7953468882297,142.77,0.0,422.0253468882297,0.0,142.76999999999998,0.0,422.0253468882297,Anderson's Bar,Barefoot,564.7953468882297,False
2023-12-31,422.0253468882297,0.0,0.0,422.0253468882297,0.0,0.0,142.76999999999998,564.7953468882297,Anderson's Bar,Barefoot,564.7953468882297,False
2024-01-01,564.7953468882297,0.0,142.76999999999998,564.7953468882297,0.0,0.0,0.0,564.7953468882297,Anderson's Bar,Barefoot,564.7953468882297,False
2023-10-20,9099.41,221.9,0.0,8877.51,0.0,0.0,0.0,8877.51,Anderson's Bar,Captain Morgan,506.07679201566884,False
2023-10-21,8877.51,0.0,0.0,8877.51,0.0,0.0,0.0,8877.51,Anderson's Bar,Captain Morgan,506.07679201566884,False
2023-10-22,8877.51,0.0,0.0,8877.51,0.0,0.0,0.0,8877.51,Anderson's Bar,Captain Morgan,506.07679201566884,False
2023-10-23,8877.51,0.0,0.0,8877.51,0.0,0.0,0.0,8877.51,Anderson's Bar,Captain Morgan,506.07679201566884,False
2023-10-24,8877.51,0.0,0.0,8877.51,0.0,0.0,0.0,8877.51,Anderson's Bar,Captain Morgan,506.07679201566884,False
2023-10-25,8877.51,0.0,0.0,8877.51,0.0,0.0,0.0,8877.51,Anderson's Bar,Captain Morgan,506.07679201566884,False
2023-10-26,8877.51,0.0,0.0,8877.51,0.0,0.0,0.0,8877.51,Anderson's Bar,Captain Morgan,506.07679201566884,False
2023-10-27,8877.51,0.0,0.0,8877.51,0.0,0.0,0.0,8877.51,Anderson's Bar,Captain Morgan,506.07679201566884,False
2023-10-28,8877.51,502.89,0.0,8374.62,0.0,0.0,0.0,8374.62,Anderson's Bar,Captain Morgan,506.07679201566884,False
2023-10-29,8374.62,0.0,0.0,8374.62,0.0,0.0,0.0,8374.62,Anderson's Bar,Captain Morgan,506.07679201566884,False
2023-10-30,8374.62,0.0,0.0,8374.62,0.0,0.0,0.0,8374.62,Anderson's Bar,Captain Morgan,506.07679201566884,False
2023-10-31,8374.62,374.87,0.0,7999.750000000001,0.0,0.0,0.0,7999.750000000001,Anderson's Bar,Captain Morgan,506.07679201566884,False
2023-11-01,7999.750000000001,0.0,0.0,7999.750000000001,0.0,0.0,0.0,7999.750000000001,Anderson's Bar,Captain Morgan,506.07679201566884,False
2023-11-02,7999.750000000001,0.0,0.0,7999.750000000001,0.0,0.0,0.0,7999.750000000001,Anderson's Bar,Captain Morgan,506.07679201566884,False
2023-11-03,7999.750000000001,222.58,0.0,7777.170000000001,0.0,0.0,0.0,7777.170000000001,Anderson's Bar,Captain Morgan,506.07679201566884,False
2023-11-04,7777.170000000001,0.0,0.0,7777.170000000001,0.0,0.0,0.0,7777.170000000001,Anderson's Bar,Captain Morgan,506.07679201566884,False
2023-11-05,7777.170000000001,479.39,0.0,7297.780000000001,0.0,0.0,0.0,7297.780000000001,Anderson's Bar,Captain Morgan,506.07679201566884,False
2023-11-06,7297.780000000001,0.0,0.0,7297.780000000001,0.0,0.0,0.0,7297.780000000001,Anderson's Bar,Captain Morgan,506.07679201566884,False
2023-11-07,7297.780000000001,269.92,0.0,7027.860000000001,0.0,0.0,0.0,7027.860000000001,Anderson's Bar,Captain Morgan,506.07679201566884,False
2023-11-08,7027.860000000001,459.83,0.0,6568.030000000001,0.0,0.0,0.0,6568.030000000001,Anderson's Bar,Captain Morgan,506.07679201566884,False
2023-11-09,6568.030000000001,0.0,0.0,6568.030000000001,0.0,0.0,0.0,6568.030000000001,Anderson's Bar,Captain Morgan,506.07679201566884,False
2023-11-10,6568.030000000001,0.0,0.0,6568.030000000001,0.0,0.0,0.0,6568.030000000001,Anderson's Bar,Captain Morgan,506.07679201566884,False
2023-11-11,6568.030000000001,0.0,0.0,6568.030000000001,0.0,0.0,0.0,6568.030000000001,Anderson's Bar,Captain Morgan,506.07679201566884,False
2023-11-12,6568.030000000001,0.0,0.0,6568.030000000001,0.0,0.0,0.0,6568.030000000001,Anderson's Bar,Captain Morgan,506.07679201566884,False
2023-11-13,6568.030000000001,0.0,0.0,6568.030000000001,0.0,0.0,0.0,6568.030000000001,Anderson's Bar,Captain Morgan,506.07679201566884,False
2023-11-14,6568.030000000001,0.0,0.0,6568.030000000001,0.0,0.0,0.0,6568.030000000001,Anderson's Bar,Captain Morgan,506.07679201566884,False
2023-11-15,6568.030000000001,0.0,0.0,6568.030000000001,0.0,0.0,0.0,6568.030000000001,Anderson's Bar,Captain Morgan,506.07679201566884,False
2023-11-16,6568.030000000001,0.0,0.0,6568.030000000001,0.0,0.0,0.0,6568.030000000001,Anderson's Bar,Captain Morgan,506.07679201566884,False
2023-11-17,6568.030000000001,0.0,0.0,6568.030000000001,0.0,0.0,0.0,6568.030000000001,Anderson's Bar,Captain Morgan,506.07679201566884,False
2023-11-18,6568.030000000001,120.09,0.0,6447.9400000000005,0.0,0.0,0.0,6447.9400000000005,Anderson's Bar,Captain Morgan,506.07679201566884,False
2023-11-19,6447.9400000000005,164.6,0.0,6283.34,0.0,0.0,0.0,6283.34,Anderson's Bar,Captain Morgan,506.07679201566884,False
2023-11-20,6283.34,0.0,0.0,6283.34,0.0,0.0,0.0,6283.34,Anderson's Bar,Captain Morgan,506.07679201566884,False
2023-11-21,6283.34,219.73,0.0,6063.610000000001,0.0,0.0,0.0,6063.610000000001,Anderson's Bar,Captain Morgan,506.07679201566884,False
2023-11-22,6063.610000000001,0.0,0.0,6063.610000000001,0.0,0.0,0.0,6063.610000000001,Anderson's Bar,Captain Morgan,506.07679201566884,False
2023-11-23,6063.610000000001,0.0,0.0,6063.610000000001,0.0,0.0,0.0,6063.610000000001,Anderson's Bar,Captain Morgan,506.07679201566884,False
2023-11-24,6063.610000000001,138.81,0.0,5924.8,0.0,0.0,0.0,5924.8,Anderson's Bar,Captain Morgan,506.07679201566884,False
2023-11-25,5924.8,0.0,0.0,5924.8,0.0,0.0,0.0,5924.8,Anderson's Bar,Captain Morgan,506.07679201566884,False
2023-11-26,5924.8,0.0,0.0,5924.8,0.0,0.0,0.0,5924.8,Anderson's Bar,Captain Morgan,506.07679201566884,False
2023-11-27,5924.8,0.0,0.0,5924.8,0.0,0.0,0.0,5924.8,Anderson's Bar,Captain Morgan,506.07679201566884,False
2023-11-28,5924.8,0.0,0.0,5924.8,0.0,0.0,0.0,5924.8,Anderson's Bar,Captain Morgan,506.07679201566884,False
2023-11-29,5924.8,0.0,0.0,5924.8,0.0,0.0,0.0,5924.8,Anderson's Bar,Captain Morgan,506.07679201566884,False
2023-11-30,5924.8,0.0,0.0,5924.8,0.0,0.0,0.0,5924.8,Anderson's Bar,Captain Morgan,506.07679201566884,False
2023-12-01,5924.8,113.21,0.0,5811.59,0.0,0.0,0.0,5811.59,Anderson's Bar,Captain Morgan,506.07679201566884,False
2023-12-02,5811.59,0.0,0.0,5811.59,0.0,0.0,0.0,5811.59,Anderson's Bar,Captain Morgan,506.07679201566884,False
2023-12-03,5811.59,0.0,0.0,5811.59,0.0,0.0,0.0,5811.59,Anderson's Bar,Captain Morgan,506.07679201566884,False
2023-12-04,5811.59,0.0,0.0,5811.59,0.0,0.0,0.0,5811.59,Anderson's Bar,Captain Morgan,506.07679201566884,False
2023-12-05,5811.59,0.0,0.0,5811.59,0.0,0.0,0.0,5811.59,Anderson's Bar,Captain Morgan,506.07679201566884,False
2023-12-06,5811.59,0.0,0.0,5811.59,0.0,0.0,0.0,5811.59,Anderson's Bar,Captain Morgan,506.07679201566884,False
2023-12-07,5811.59,0.0,0.0,5811.59,0.0,0.0,0.0,5811.59,Anderson's Bar,Captain Morgan,506.07679201566884,False
2023-12-08,5811.59,0.0,0.0,5811.59,0.0,0.0,0.0,5811.59,Anderson's Bar,Captain Morgan,506.07679201566884,False
2023-12-09,5811.59,579.33,0.0,5232.26,0.0,0.0,0.0,5232.26,Anderson's Bar,Captain Morgan,506.07679201566884,False
2023-12-10,5232.26,0.0,0.0,5232.26,0.0,0.0,0.0,5232.26,Anderson's Bar,Captain Morgan,506.07679201566884,False
2023-12-11,5232.26,245.76,0.0,4986.5,0.0,0.0,0.0,4986.5,Anderson's Bar,Captain Morgan,506.07679201566884,False
2023-12-12,4986.5,0.0,0.0,4986.5,0.0,0.0,0.0,4986.5,Anderson's Bar,Captain Morgan,506.07679201566884,False
2023-12-13,4986.5,246.17,0.0,4740.33,0.0,0.0,0.0,4740.33,Anderson's Bar,Captain Morgan,506.07679201566884,False
2023-12-14,4740.33,0.0,0.0,4740.33,0.0,0.0,0.0,4740.33,Anderson's Bar,Captain Morgan,506.07679201566884,False
2023-12-15,4740.33,256.96,0.0,4483.37,0.0,0.0,0.0,4483.37,Anderson's Bar,Captain Morgan,506.07679201566884,False
2023-12-16,4483.37,0.0,0.0,4483.37,0.0,0.0,0.0,4483.37,Anderson's Bar,Captain Morgan,506.07679201566884,False
2023-12-17,4483.37,0.0,0.0,4483.37,0.0,0.0,0.0,4483.37,Anderson's Bar,Captain Morgan,506.07679201566884,False
2023-12-18,4483.37,291.35,0.0,4192.0199999999995,0.0,0.0,0.0,4192.0199999999995,Anderson's Bar,Captain Morgan,506.07679201566884,False
2023-12-19,4192.0199999999995,278.88,0.0,3913.1399999999994,0.0,0.0,0.0,3913.1399999999994,Anderson's Bar,Captain Morgan,506.07679201566884,False
2023-12-20,3913.1399999999994,0.0,0.0,3913.1399999999994,0.0,0.0,0.0,3913.1399999999994,Anderson's Bar,Captain Morgan,506.07679201566884,False
2023-12-21,3913.1399999999994,0.0,0.0,3913.1399999999994,0.0,0.0,0.0,3913.1399999999994,Anderson's Bar,Captain Morgan,506.07679201566884,False
2023-12-22,3913.1399999999994,0.0,0.0,3913.1399999999994,0.0,0.0,0.0,3913.1399999999994,Anderson's Bar,Captain Morgan,506.07679201566884,False
2023-12-23,3913.1399999999994,0.0,0.0,3913.1399999999994,0.0,0.0,0.0,3913.1399999999994,Anderson's Bar,Captain Morgan,506.07679201566884,False
2023-12-24,3913.1399999999994,0.0,0.0,3913.1399999999994,0.0,0.0,0.0,3913.1399999999994,Anderson's Bar,Captain Morgan,506.07679201566884,False
2023-12-25,3913.1399999999994,0.0,0.0,3913.1399999999994,0.0,0.0,0.0,3913.1399999999994,Anderson's Bar,Captain Morgan,506.07679201566884,False
2023-12-26,3913.1399999999994,0.0,0.0,3913.1399999999994,0.0,0.0,0.0,3913.1399999999994,Anderson's Bar,Captain Morgan,506.07679201566884,False
2023-12-27,3913.1399999999994,0.0,0.0,3913.1399999999994,0.0,0.0,0.0,3913.1399999999994,Anderson's Bar,Captain Morgan,506.07679201566884,False
2023-12-28,3913.1399999999994,0.0,0.0,3913.1399999999994,0.0,0.0,0.0,3913.1399999999994,Anderson's Bar,Captain Morgan,506.07679201566884,False
2023-12-29,3913.1399999999994,0.0,0.0,3913.1399999999994,0.0,0.0,0.0,3913.1399999999994,Anderson's Bar,Captain Morgan,506.07679201566884,False
2023-12-30,3913.1399999999994,0.0,0.0,3913.1399999999994,0.0,0.0,0.0,3913.1399999999994,Anderson's Bar,Captain Morgan,506.07679201566884,False
2023-12-31,3913.1399999999994,0.0,0.0,3913.1399999999994,0.0,0.0,0.0,3913.1399999999994,Anderson's Bar,Captain Morgan,506.07679201566884,False
2024-01-01,3913.1399999999994,0.0,0.0,3913.1399999999994,0.0,0.0,0.0,3913.1399999999994,Anderson's Bar,Captain Morgan,506.07679201566884,False
2023-10-20,5057.32,322.9,0.0,4734.42,0.0,0.0,0.0,4734.42,Brown's Bar,Grey Goose,602.5318753433507,False
2023-10-21,4734.42,0.0,0.0,4734.42,0.0,0.0,0.0,4734.42,Brown's Bar,Grey Goose,602.5318753433507,False
2023-10-22,4734.42,0.0,0.0,4734.42,0.0,0.0,0.0,4734.42,Brown's Bar,Grey Goose,602.5318753433507,False
2023-10-23,4734.42,0.0,0.0,4734.42,0.0,0.0,0.0,4734.42,Brown's Bar,Grey Goose,602.5318753433507,False
2023-10-24,4734.42,0.0,0.0,4734.42,0.0,0.0,0.0,4734.42,Brown's Bar,Grey Goose,602.5318753433507,False
2023-10-25,4734.42,0.0,0.0,4734.42,0.0,0.0,0.0,4734.42,Brown's Bar,Grey Goose,602.5318753433507,False
2023-10-26,4734.42,0.0,0.0,4734.42,0.0,0.0,0.0,4734.42,Brown's Bar,Grey Goose,602.5318753433507,False
2023-10-27,4734.42,0.0,0.0,4734.42,0.0,0.0,0.0,4734.42,Brown's Bar,Grey Goose,602.5318753433507,False
2023-10-28,4734.42,0.0,0.0,4734.42,0.0,0.0,0.0,4734.42,Brown's Bar,Grey Goose,602.5318753433507,False
2023-10-29,4734.42,0.0,0.0,4734.42,0.0,0.0,0.0,4734.42,Brown's Bar,Grey Goose,602.5318753433507,False
2023-10-30,4734.42,0.0,0.0,4734.42,0.0,0.0,0.0,4734.42,Brown's Bar,Grey Goose,602.5318753433507,False
2023-10-31,4734.42,0.0,0.0,4734.42,0.0,0.0,0.0,4734.42,Brown's Bar,Grey Goose,602.5318753433507,False
2023-11-01,4734.42,1125.23,0.0,3609.19,0.0,0.0,0.0,3609.19,Brown's Bar,Grey Goose,602.5318753433507,False
2023-11-02,3609.19,0.0,0.0,3609.19,0.0,0.0,0.0,3609.19,Brown's Bar,Grey Goose,602.5318753433507,False
2023-11-03,3609.19,0.0,0.0,3609.19,0.0,0.0,0.0,3609.19,Brown's Bar,Grey Goose,602.5318753433507,False
2023-11-04,3609.19,0.0,0.0,3609.19,0.0,0.0,0.0,3609.19,Brown's Bar,Grey Goose,602.5318753433507,False
2023-11-05,3609.19,0.0,0.0,3609.19,0.0,0.0,0.0,3609.19,Brown's Bar,Grey Goose,602.5318753433507,False
2023-11-06,3609.19,0.0,0.0,3609.19,0.0,0.0,0.0,3609.19,Brown's Bar,Grey Goose,602.5318753433507,False
2023-11-07,3609.19,0.0,0.0,3609.19,0.0,0.0,0.0,3609.19,Brown's Bar,Grey Goose,602.5318753433507,False
2023-11-08,3609.19,0.0,0.0,3609.19,0.0,0.0,0.0,3609.19,Brown's Bar,Grey Goose,602.5318753433507,False
2023-11-09,3609.19,0.0,0.0,3609.19,0.0,0.0,0.0,3609.19,Brown's Bar,Grey Goose,602.5318753433507,False
2023-11-10,3609.19,0.0,0.0,3609.19,0.0,0.0,0.0,3609.19,Brown's Bar,Grey Goose,602.5318753433507,False
2023-11-11,3609.19,434.48,0.0,3174.71,0.0,0.0,0.0,3174.71,Brown's Bar,Grey Goose,602.5318753433507,False
2023-11-12,3174.71,201.3,0.0,2973.41,0.0,0.0,0.0,2973.41,Brown's Bar,Grey Goose,602.5318753433507,False
2023-11-13,2973.41,0.0,0.0,2973.41,0.0,0.0,0.0,2973.41,Brown's Bar,Grey Goose,602.5318753433507,False
2023-11-14,2973.41,0.0,0.0,2973.41,0.0,0.0,0.0,2973.41,Brown's Bar,Grey Goose,602.5318753433507,False
2023-11-15,2973.41,193.49,0.0,2779.92,0.0,0.0,0.0,2779.92,Brown's Bar,Grey Goose,602.5318753433507,False
2023-11-16,2779.92,0.0,0.0,2779.92,0.0,0.0,0.0,2779.92,Brown's Bar,Grey Goose,602.5318753433507,False
2023-11-17,2779.92,569.18,0.0,2210.7400000000002,0.0,0.0,0.0,2210.7400000000002,Brown's Bar,Grey Goose,602.5318753433507,False
2023-11-18,2210.7400000000002,457.92,0.0,1752.8200000000002,0.0,0.0,0.0,1752.8200000000002,Brown's Bar,Grey Goose,602.5318753433507,False
2023-11-19,1752.8200000000002,571.23,0.0,1181.5900000000001,0.0,0.0,0.0,1181.5900000000001,Brown's Bar,Grey Goose,602.5318753433507,False
2023-11-20,1181.5900000000001,382.75,0.0,798.8400000000001,0.0,0.0,0.0,798.8400000000001,Brown's Bar,Grey Goose,602.5318753433507,False
2023-11-21,798.8400000000001,0.0,0.0,798.8400000000001,0.0,0.0,0.0,798.8400000000001,Brown's Bar,Grey Goose,602.5318753433507,False
2023-11-22,798.8400000000001,168.84,0.0,630.0000000000001,0.0,0.0,0.0,630.0000000000001,Brown's Bar,Grey Goose,602.5318753433507,False
2023-11-23,630.0000000000001,0.0,0.0,630.0000000000001,0.0,0.0,0.0,630.0000000000001,Brown's Bar,Grey Goose,602.5318753433507,False
2023-11-24,630.0000000000001,0.0,0.0,630.0000000000001,0.0,0.0,0.0,630.0000000000001,Brown's Bar,Grey Goose,602.5318753433507,False
2023-11-25,630.0000000000001,0.0,0.0,630.0000000000001,0.0,0.0,0.0,630.0000000000001,Brown's Bar,Grey Goose,602.5318753433507,False
2023-11-26,630.0000000000001,0.0,0.0,630.0000000000001,0.0,0.0,0.0,630.0000000000001,Brown's Bar,Grey Goose,602.5318753433507,False
2023-11-27,630.0000000000001,384.05,0.0,245.9500000000001,0.0,356.58187534335065,0.0,245.9500000000001,Brown's Bar,Grey Goose,602.5318753433507,False
2023-11-28,245.9500000000001,0.0,0.0,245.9500000000001,0.0,0.0,356.58187534335065,602.5318753433507,Brown's Bar,Grey Goose,602.5318753433507,False
2023-11-29,602.5318753433507,493.03,356.58187534335065,109.50187534335078,0.0,493.03,0.0,109.50187534335078,Brown's Bar,Grey Goose,602.5318753433507,False
2023-11-30,109.50187534335078,0.0,0.0,109.50187534335078,0.0,0.0,493.03,602.5318753433507,Brown's Bar,Grey Goose,602.5318753433507,False
2023-12-01,602.5318753433507,0.0,493.03,602.5318753433507,0.0,0.0,0.0,602.5318753433507,Brown's Bar,Grey Goose,602.5318753433507,False
2023-12-02,602.5318753433507,0.0,0.0,602.5318753433507,0.0,0.0,0.0,602.5318753433507,Brown's Bar,Grey Goose,602.5318753433507,False
2023-12-03,602.5318753433507,0.0,0.0,602.5318753433507,0.0,0.0,0.0,602.5318753433507,Brown's Bar,Grey Goose,602.5318753433507,False
2023-12-04,602.5318753433507,0.0,0.0,602.5318753433507,0.0,0.0,0.0,602.5318753433507,Brown's Bar,Grey Goose,602.5318753433507,False
2023-12-05,602.5318753433507,0.0,0.0,602.5318753433507,0.0,0.0,0.0,602.5318753433507,Brown's Bar,Grey Goose,602.5318753433507,False
2023-12-06,602.5318753433507,0.0,0.0,602.5318753433507,0.0,0.0,0.0,602.5318753433507,Brown's Bar,Grey Goose,602.5318753433507,False
2023-12-07,602.5318753433507,380.23,0.0,222.30187534335073,0.0,380.23,0.0,222.30187534335073,Brown's Bar,Grey Goose,602.5318753433507,False
2023-12-08,222.30187534335073,0.0,0.0,222.30187534335073,0.0,0.0,380.23,602.5318753433507,Brown's Bar,Grey Goose,602.5318753433507,False
2023-12-09,602.5318753433507,100.88,380.23,501.65187534335075,0.0,100.88,0.0,501.65187534335075,Brown's Bar,Grey Goose,602.5318753433507,False
2023-12-10,501.65187534335075,0.0,0.0,501.65187534335075,0.0,0.0,100.88,602.5318753433507,Brown's Bar,Grey Goose,602.5318753433507,False
2023-12-11,602.5318753433507,0.0,100.88,602.5318753433507,0.0,0.0,0.0,602.5318753433507,Brown's Bar,Grey Goose,602.5318753433507,False
2023-12-12,602.5318753433507,537.56,0.0,64.9718753433508,0.0,537.56,0.0,64.9718753433508,Brown's Bar,Grey Goose,602.5318753433507,False
2023-12-13,64.9718753433508,0.0,0.0,64.9718753433508,0.0,0.0,537.56,602.5318753433507,Brown's Bar,Grey Goose,602.5318753433507,False
2023-12-14,602.5318753433507,0.0,537.56,602.5318753433507,0.0,0.0,0.0,602.5318753433507,Brown's Bar,Grey Goose,602.5318753433507,False
2023-12-15,602.5318753433507,0.0,0.0,602.5318753433507,0.0,0.0,0.0,602.5318753433507,Brown's Bar,Grey Goose,602.5318753433507,False
2023-12-16,602.5318753433507,0.0,0.0,602.5318753433507,0.0,0.0,0.0,602.5318753433507,Brown's Bar,Grey Goose,602.5318753433507,False
2023-12-17,602.5318753433507,0.0,0.0,602.5318753433507,0.0,0.0,0.0,602.5318753433507,Brown's Bar,Grey Goose,602.5318753433507,False
2023-12-18,602.5318753433507,0.0,0.0,602.5318753433507,0.0,0.0,0.0,602.5318753433507,Brown's Bar,Grey Goose,602.5318753433507,False
2023-12-19,602.5318753433507,0.0,0.0,602.5318753433507,0.0,0.0,0.0,602.5318753433507,Brown's Bar,Grey Goose,602.5318753433507,False
2023-12-20,602.5318753433507,80.59,0.0,521.9418753433507,0.0,80.59000000000003,0.0,521.9418753433507,Brown's Bar,Grey Goose,602.5318753433507,False
2023-12-21,521.9418753433507,0.0,0.0,521.9418753433507,0.0,0.0,80.59000000000003,602.5318753433507,Brown's Bar,Grey Goose,602.5318753433507,False
2023-12-22,602.5318753433507,0.0,80.59000000000003,602.5318753433507,0.0,0.0,0.0,602.5318753433507,Brown's Bar,Grey Goose,602.5318753433507,False
2023-12-23,602.5318753433507,0.0,0.0,602.5318753433507,0.0,0.0,0.0,602.5318753433507,Brown's Bar,Grey Goose,602.5318753433507,False
2023-12-24,602.5318753433507,0.0,0.0,602.5318753433507,0.0,0.0,0.0,602.5318753433507,Brown's Bar,Grey Goose,602.5318753433507,False
2023-12-25,602.5318753433507,0.0,0.0,602.5318753433507,0.0,0.0,0.0,602.5318753433507,Brown's Bar,Grey Goose,602.5318753433507,False
2023-12-26,602.5318753433507,0.0,0.0,602.5318753433507,0.0,0.0,0.0,602.5318753433507,Brown's Bar,Grey Goose,602.5318753433507,False
2023-12-27,602.5318753433507,0.0,0.0,602.5318753433507,0.0,0.0,0.0,602.5318753433507,Brown's Bar,Grey Goose,602.5318753433507,False
2023-12-28,602.5318753433507,0.0,0.0,602.5318753433507,0.0,0.0,0.0,602.5318753433507,Brown's Bar,Grey Goose,602.5318753433507,False
2023-12-29,602.5318753433507,0.0,0.0,602.5318753433507,0.0,0.0,0.0,602.5318753433507,Brown's Bar,Grey Goose,602.5318753433507,False
2023-12-30,602.5318753433507,0.0,0.0,602.5318753433507,0.0,0.0,0.0,602.5318753433507,Brown's Bar,Grey Goose,602.5318753433507,False
2023-12-31,602.5318753433507,0.0,0.0,602.5318753433507,0.0,0.0,0.0,602.5318753433507,Brown's Bar,Grey Goose,602.5318753433507,False
2024-01-01,602.5318753433507,0.0,0.0,602.5318753433507,0.0,0.0,0.0,602.5318753433507,Brown's Bar,Grey Goose,602.5318753433507,False
2023-10-20,6982.92,404.47,0.0,6578.45,0.0,0.0,0.0,6578.45,Brown's Bar,Jameson,585.1209979944118,False
2023-10-21,6578.45,309.71,0.0,6268.74,0.0,0.0,0.0,6268.74,Brown's Bar,Jameson,585.1209979944118,False
2023-10-22,6268.74,0.0,0.0,6268.74,0.0,0.0,0.0,6268.74,Brown's Bar,Jameson,585.1209979944118,False
2023-10-23,6268.74,199.38,0.0,6069.36,0.0,0.0,0.0,6069.36,Brown's Bar,Jameson,585.1209979944118,False
2023-10-24,6069.36,0.0,0.0,6069.36,0.0,0.0,0.0,6069.36,Brown's Bar,Jameson,585.1209979944118,False
2023-10-25,6069.36,0.0,0.0,6069.36,0.0,0.0,0.0,6069.36,Brown's Bar,Jameson,585.1209979944118,False
2023-10-26,6069.36,0.0,0.0,6069.36,0.0,0.0,0.0,6069.36,Brown's Bar,Jameson,585.1209979944118,False
2023-10-27,6069.36,0.0,0.0,6069.36,0.0,0.0,0.0,6069.36,Brown's Bar,Jameson,585.1209979944118,False
2023-10-28,6069.36,492.97,0.0,5576.389999999999,0.0,0.0,0.0,5576.389999999999,Brown's Bar,Jameson,585.1209979944118,False
2023-10-29,5576.389999999999,0.0,0.0,5576.389999999999,0.0,0.0,0.0,5576.389999999999,Brown's Bar,Jameson,585.1209979944118,False
2023-10-30,5576.389999999999,0.0,0.0,5576.389999999999,0.0,0.0,0.0,5576.389999999999,Brown's Bar,Jameson,585.1209979944118,False
2023-10-31,5576.389999999999,0.0,0.0,5576.389999999999,0.0,0.0,0.0,5576.389999999999,Brown's Bar,Jameson,585.1209979944118,False
2023-11-01,5576.389999999999,323.44,0.0,5252.95,0.0,0.0,0.0,5252.95,Brown's Bar,Jameson,585.1209979944118,False
2023-11-02,5252.95,0.0,0.0,5252.95,0.0,0.0,0.0,5252.95,Brown's Bar,Jameson,585.1209979944118,False
2023-11-03,5252.95,0.0,0.0,5252.95,0.0,0.0,0.0,5252.95,Brown's Bar,Jameson,585.1209979944118,False
2023-11-04,5252.95,0.0,0.0,5252.95,0.0,0.0,0.0,5252.95,Brown's Bar,Jameson,585.1209979944118,False
2023-11-05,5252.95,0.0,0.0,5252.95,0.0,0.0,0.0,5252.95,Brown's Bar,Jameson,585.1209979944118,False
2023-11-06,5252.95,0.0,0.0,5252.95,0.0,0.0,0.0,5252.95,Brown's Bar,Jameson,585.1209979944118,False
2023-11-07,5252.95,0.0,0.0,5252.95,0.0,0.0,0.0,5252.95,Brown's Bar,Jameson,585.1209979944118,False
2023-11-08,5252.95,0.0,0.0,5252.95,0.0,0.0,0.0,5252.95,Brown's Bar,Jameson,585.1209979944118,False
2023-11-09,5252.95,0.0,0.0,5252.95,0.0,0.0,0.0,5252.95,Brown's Bar,Jameson,585.1209979944118,False
2023-11-10,5252.95,496.39,0.0,4756.5599999999995,0.0,0.0,0.0,4756.5599999999995,Brown's Bar,Jameson,585.1209979944118,False
2023-11-11,4756.5599999999995,0.0,0.0,4756.5599999999995,0.0,0.0,0.0,4756.5599999999995,Brown's Bar,Jameson,585.1209979944118,False
2023-11-12,4756.5599999999995,0.0,0.0,4756.5599999999995,0.0,0.0,0.0,4756.5599999999995,Brown's Bar,Jameson,585.1209979944118,False
2023-11-13,4756.5599999999995,0.0,0.0,4756.5599999999995,0.0,0.0,0.0,4756.5599999999995,Brown's Bar,Jameson,585.1209979944118,False
2023-11-14,4756.5599999999995,0.0,0.0,4756.5599999999995,0.0,0.0,0.0,4756.5599999999995,Brown's Bar,Jameson,585.1209979944118,False
2023-11-15,4756.5599999999995,418.64,0.0,4337.919999999999,0.0,0.0,0.0,4337.919999999999,Brown's Bar,Jameson,585.1209979944118,False
2023-11-16,4337.919999999999,0.0,0.0,4337.919999999999,0.0,0.0,0.0,4337.919999999999,Brown's Bar,Jameson,585.1209979944118,False
2023-11-17,4337.919999999999,373.47,0.0,3964.449999999999,0.0,0.0,0.0,3964.449999999999,Brown's Bar,Jameson,585.1209979944118,False
2023-11-18,3964.449999999999,0.0,0.0,3964.449999999999,0.0,0.0,0.0,3964.449999999999,Brown's Bar,Jameson,585.1209979944118,False
2023-11-19,3964.449999999999,0.0,0.0,3964.449999999999,0.0,0.0,0.0,3964.449999999999,Brown's Bar,Jameson,585.1209979944118,False
2023-11-20,3964.449999999999,0.0,0.0,3964.449999999999,0.0,0.0,0.0,3964.449999999999,Brown's Bar,Jameson,585.1209979944118,False
2023-11-21,3964.449999999999,0.0,0.0,3964.449999999999,0.0,0.0,0.0,3964.449999999999,Brown's Bar,Jameson,585.1209979944118,False
2023-11-22,3964.449999999999,585.12,0.0,3379.329999999999,0.0,0.0,0.0,3379.329999999999,Brown's Bar,Jameson,585.1209979944118,False
2023-11-23,3379.329999999999,0.0,0.0,3379.329999999999,0.0,0.0,0.0,3379.329999999999,Brown's Bar,Jameson,585.1209979944118,False
2023-11-24,3379.329999999999,140.21,0.0,3239.119999999999,0.0,0.0,0.0,3239.119999999999,Brown's Bar,Jameson,585.1209979944118,False
2023-11-25,3239.119999999999,0.0,0.0,3239.119999999999,0.0,0.0,0.0,3239.119999999999,Brown's Bar,Jameson,585.1209979944118,False
2023-11-26,3239.119999999999,0.0,0.0,3239.119999999999,0.0,0.0,0.0,3239.119999999999,Brown's Bar,Jameson,585.1209979944118,False
2023-11-27,3239.119999999999,0.0,0.0,3239.119999999999,0.0,0.0,0.0,3239.119999999999,Brown's Bar,Jameson,585.1209979944118,False
2023-11-28,3239.119999999999,0.0,0.0,3239.119999999999,0.0,0.0,0.0,3239.119999999999,Brown's Bar,Jameson,585.1209979944118,False
2023-11-29,3239.119999999999,0.0,0.0,3239.119999999999,0.0,0.0,0.0,3239.119999999999,Brown's Bar,Jameson,585.1209979944118,False
2023-11-30,3239.119999999999,443.99,0.0,2795.129999999999,0.0,0.0,0.0,2795.129999999999,Brown's Bar,Jameson,585.1209979944118,False
2023-12-01,2795.129999999999,0.0,0.0,2795.129999999999,0.0,0.0,0.0,2795.129999999999,Brown's Bar,Jameson,585.1209979944118,False
2023-12-02,2795.129999999999,0.0,0.0,2795.129999999999,0.0,0.0,0.0,2795.129999999999,Brown's Bar,Jameson,585.1209979944118,False
2023-12-03,2795.129999999999,0.0,0.0,2795.129999999999,0.0,0.0,0.0,2795.129999999999,Brown's Bar,Jameson,585.1209979944118,False
2023-12-04,2795.129999999999,0.0,0.0,2795.129999999999,0.0,0.0,0.0,2795.129999999999,Brown's Bar,Jameson,585.1209979944118,False
2023-12-05,2795.129999999999,0.0,0.0,2795.129999999999,0.0,0.0,0.0,2795.129999999999,Brown's Bar,Jameson,585.1209979944118,False
2023-12-06,2795.129999999999,226.85,0.0,2568.2799999999993,0.0,0.0,0.0,2568.2799999999993,Brown's Bar,Jameson,585.1209979944118,False
2023-12-07,2568.2799999999993,0.0,0.0,2568.2799999999993,0.0,0.0,0.0,2568.2799999999993,Brown's Bar,Jameson,585.1209979944118,False
2023-12-08,2568.2799999999993,0.0,0.0,2568.2799999999993,0.0,0.0,0.0,2568.2799999999993,Brown's Bar,Jameson,585.1209979944118,False
2023-12-09,2568.2799999999993,0.0,0.0,2568.2799999999993,0.0,0.0,0.0,2568.2799999999993,Brown's Bar,Jameson,585.1209979944118,False
2023-12-10,2568.2799999999993,0.0,0.0,2568.2799999999993,0.0,0.0,0.0,2568.2799999999993,Brown's Bar,Jameson,585.1209979944118,False
2023-12-11,2568.2799999999993,0.0,0.0,2568.2799999999993,0.0,0.0,0.0,2568.2799999999993,Brown's Bar,Jameson,585.1209979944118,False
2023-12-12,2568.2799999999993,428.02,0.0,2140.2599999999993,0.0,0.0,0.0,2140.2599999999993,Brown's Bar,Jameson,585.1209979944118,False
2023-12-13,2140.2599999999993,462.8,0.0,1677.4599999999994,0.0,0.0,0.0,1677.4599999999994,Brown's Bar,Jameson,585.1209979944118,False
2023-12-14,1677.4599999999994,0.0,0.0,1677.4599999999994,0.0,0.0,0.0,1677.4599999999994,Brown's Bar,Jameson,585.1209979944118,False
2023-12-15,1677.4599999999994,0.0,0.0,1677.4599999999994,0.0,0.0,0.0,1677.4599999999994,Brown's Bar,Jameson,585.1209979944118,False
2023-12-16,1677.4599999999994,0.0,0.0,1677.4599999999994,0.0,0.0,0.0,1677.4599999999994,Brown's Bar,Jameson,585.1209979944118,False
2023-12-17,1677.4599999999994,0.0,0.0,1677.4599999999994,0.0,0.0,0.0,1677.4599999999994,Brown's Bar,Jameson,585.1209979944118,False
2023-12-18,1677.4599999999994,295.9,0.0,1381.5599999999995,0.0,0.0,0.0,1381.5599999999995,Brown's Bar,Jameson,585.1209979944118,False
2023-12-19,1381.5599999999995,0.0,0.0,1381.5599999999995,0.0,0.0,0.0,1381.5599999999995,Brown's Bar,Jameson,585.1209979944118,False
2023-12-20,1381.5599999999995,0.0,0.0,1381.5599999999995,0.0,0.0,0.0,1381.5599999999995,Brown's Bar,Jameson,585.1209979944118,False
2023-12-21,1381.5599999999995,0.0,0.0,1381.5599999999995,0.0,0.0,0.0,1381.5599999999995,Brown's Bar,Jameson,585.1209979944118,False
2023-12-22,1381.5599999999995,0.0,0.0,1381.5599999999995,0.0,0.0,0.0,1381.5599999999995,Brown's Bar,Jameson,585.1209979944118,False
2023-12-23,1381.5599999999995,934.85,0.0,446.70999999999947,0.0,138.41099799441236,0.0,446.70999999999947,Brown's Bar,Jameson,585.1209979944118,False
2023-12-24,446.70999999999947,0.0,0.0,446.70999999999947,0.0,0.0,138.41099799441236,585.1209979944118,Brown's Bar,Jameson,585.1209979944118,False
2023-12-25,585.1209979944118,0.0,138.41099799441236,585.1209979944118,0.0,0.0,0.0,585.1209979944118,Brown's Bar,Jameson,585.1209979944118,False
2023-12-26,585.1209979944118,0.0,0.0,585.1209979944118,0.0,0.0,0.0,585.1209979944118,Brown's Bar,Jameson,585.1209979944118,False
2023-12-27,585.1209979944118,0.0,0.0,585.1209979944118,0.0,0.0,0.0,585.1209979944118,Brown's Bar,Jameson,585.1209979944118,False
2023-12-28,585.1209979944118,0.0,0.0,585.1209979944118,0.0,0.0,0.0,585.1209979944118,Brown's Bar,Jameson,585.1209979944118,False
2023-12-29,585.1209979944118,0.0,0.0,585.1209979944118,0.0,0.0,0.0,585.1209979944118,Brown's Bar,Jameson,585.1209979944118,False
2023-12-30,585.1209979944118,0.0,0.0,585.1209979944118,0.0,0.0,0.0,585.1209979944118,Brown's Bar,Jameson,585.1209979944118,False
2023-12-31,585.1209979944118,0.0,0.0,585.1209979944118,0.0,0.0,0.0,585.1209979944118,Brown's Bar,Jameson,585.1209979944118,False
2024-01-01,585.1209979944118,0.0,0.0,585.1209979944118,0.0,0.0,0.0,585.1209979944118,Brown's Bar,Jameson,585.1209979944118,False
2023-10-20,4799.73,405.84,0.0,4393.889999999999,0.0,0.0,0.0,4393.889999999999,Johnson's Bar,Absolut,502.0572687909224,False
2023-10-21,4393.889999999999,0.0,0.0,4393.889999999999,0.0,0.0,0.0,4393.889999999999,Johnson's Bar,Absolut,502.0572687909224,False
2023-10-22,4393.889999999999,0.0,0.0,4393.889999999999,0.0,0.0,0.0,4393.889999999999,Johnson's Bar,Absolut,502.0572687909224,False
2023-10-23,4393.889999999999,0.0,0.0,4393.889999999999,0.0,0.0,0.0,4393.889999999999,Johnson's Bar,Absolut,502.0572687909224,False
2023-10-24,4393.889999999999,0.0,0.0,4393.889999999999,0.0,0.0,0.0,4393.889999999999,Johnson's Bar,Absolut,502.0572687909224,False
2023-10-25,4393.889999999999,199.93,0.0,4193.959999999999,0.0,0.0,0.0,4193.959999999999,Johnson's Bar,Absolut,502.0572687909224,False
2023-10-26,4193.959999999999,0.0,0.0,4193.959999999999,0.0,0.0,0.0,4193.959999999999,Johnson's Bar,Absolut,502.0572687909224,False
2023-10-27,4193.959999999999,0.0,0.0,4193.959999999999,0.0,0.0,0.0,4193.959999999999,Johnson's Bar,Absolut,502.0572687909224,False
2023-10-28,4193.959999999999,0.0,0.0,4193.959999999999,0.0,0.0,0.0,4193.959999999999,Johnson's Bar,Absolut,502.0572687909224,False
2023-10-29,4193.959999999999,0.0,0.0,4193.959999999999,0.0,0.0,0.0,4193.959999999999,Johnson's Bar,Absolut,502.0572687909224,False
2023-10-30,4193.959999999999,0.0,0.0,4193.959999999999,0.0,0.0,0.0,4193.959999999999,Johnson's Bar,Absolut,502.0572687909224,False
2023-10-31,4193.959999999999,0.0,0.0,4193.959999999999,0.0,0.0,0.0,4193.959999999999,Johnson's Bar,Absolut,502.0572687909224,False
2023-11-01,4193.959999999999,0.0,0.0,4193.959999999999,0.0,0.0,0.0,4193.959999999999,Johnson's Bar,Absolut,502.0572687909224,False
2023-11-02,4193.959999999999,0.0,0.0,4193.959999999999,0.0,0.0,0.0,4193.959999999999,Johnson's Bar,Absolut,502.0572687909224,False
2023-11-03,4193.959999999999,0.0,0.0,4193.959999999999,0.0,0.0,0.0,4193.959999999999,Johnson's Bar,Absolut,502.0572687909224,False
2023-11-04,4193.959999999999,0.0,0.0,4193.959999999999,0.0,0.0,0.0,4193.959999999999,Johnson's Bar,Absolut,502.0572687909224,False
2023-11-05,4193.959999999999,0.0,0.0,4193.959999999999,0.0,0.0,0.0,4193.959999999999,Johnson's Bar,Absolut,502.0572687909224,False
2023-11-06,4193.959999999999,0.0,0.0,4193.959999999999,0.0,0.0,0.0,4193.959999999999,Johnson's Bar,Absolut,502.0572687909224,False
2023-11-07,4193.959999999999,0.0,0.0,4193.959999999999,0.0,0.0,0.0,4193.959999999999,Johnson's Bar,Absolut,502.0572687909224,False
2023-11-08,4193.959999999999,0.0,0.0,4193.959999999999,0.0,0.0,0.0,4193.959999999999,Johnson's Bar,Absolut,502.0572687909224,False
2023-11-09,4193.959999999999,0.0,0.0,4193.959999999999,0.0,0.0,0.0,4193.959999999999,Johnson's Bar,Absolut,502.0572687909224,False
2023-11-10,4193.959999999999,503.39,0.0,3690.5699999999993,0.0,0.0,0.0,3690.5699999999993,Johnson's Bar,Absolut,502.0572687909224,False
2023-11-11,3690.5699999999993,0.0,0.0,3690.5699999999993,0.0,0.0,0.0,3690.5699999999993,Johnson's Bar,Absolut,502.0572687909224,False
2023-11-12,3690.5699999999993,480.6,0.0,3209.9699999999993,0.0,0.0,0.0,3209.9699999999993,Johnson's Bar,Absolut,502.0572687909224,False
2023-11-13,3209.9699999999993,0.0,0.0,3209.9699999999993,0.0,0.0,0.0,3209.9699999999993,Johnson's Bar,Absolut,502.0572687909224,False
2023-11-14,3209.9699999999993,0.0,0.0,3209.9699999999993,0.0,0.0,0.0,3209.9699999999993,Johnson's Bar,Absolut,502.0572687909224,False
2023-11-15,3209.9699999999993,578.37,0.0,2631.5999999999995,0.0,0.0,0.0,2631.5999999999995,Johnson's Bar,Absolut,502.0572687909224,False
2023-11-16,2631.5999999999995,0.0,0.0,2631.5999999999995,0.0,0.0,0.0,2631.5999999999995,Johnson's Bar,Absolut,502.0572687909224,False
2023-11-17,2631.5999999999995,0.0,0.0,2631.5999999999995,0.0,0.0,0.0,2631.5999999999995,Johnson's Bar,Absolut,502.0572687909224,False
2023-11-18,2631.5999999999995,0.0,0.0,2631.5999999999995,0.0,0.0,0.0,2631.5999999999995,Johnson's Bar,Absolut,502.0572687909224,False
2023-11-19,2631.5999999999995,248.55,0.0,2383.0499999999993,0.0,0.0,0.0,2383.0499999999993,Johnson's Bar,Absolut,502.0572687909224,False
2023-11-20,2383.0499999999993,0.0,0.0,2383.0499999999993,0.0,0.0,0.0,2383.0499999999993,Johnson's Bar,Absolut,502.0572687909224,False
2023-11-21,2383.0499999999993,507.61,0.0,1875.4399999999991,0.0,0.0,0.0,1875.4399999999991,Johnson's Bar,Absolut,502.0572687909224,False
2023-11-22,1875.4399999999991,0.0,0.0,1875.4399999999991,0.0,0.0,0.0,1875.4399999999991,Johnson's Bar,Absolut,502.0572687909224,False
2023-11-23,1875.4399999999991,0.0,0.0,1875.4399999999991,0.0,0.0,0.0,1875.4399999999991,Johnson's Bar,Absolut,502.0572687909224,False
2023-11-24,1875.4399999999991,0.0,0.0,1875.4399999999991,0.0,0.0,0.0,1875.4399999999991,Johnson's Bar,Absolut,502.0572687909224,False
2023-11-25,1875.4399999999991,0.0,0.0,1875.4399999999991,0.0,0.0,0.0,1875.4399999999991,Johnson's Bar,Absolut,502.0572687909224,False
2023-11-26,1875.4399999999991,0.0,0.0,1875.4399999999991,0.0,0.0,0.0,1875.4399999999991,Johnson's Bar,Absolut,502.0572687909224,False
2023-11-27,1875.4399999999991,0.0,0.0,1875.4399999999991,0.0,0.0,0.0,1875.4399999999991,Johnson's Bar,Absolut,502.0572687909224,False
2023-11-28,1875.4399999999991,0.0,0.0,1875.4399999999991,0.0,0.0,0.0,1875.4399999999991,Johnson's Bar,Absolut,502.0572687909224,False
2023-11-29,1875.4399999999991,0.0,0.0,1875.4399999999991,0.0,0.0,0.0,1875.4399999999991,Johnson's Bar,Absolut,502.0572687909224,False
2023-11-30,1875.4399999999991,0.0,0.0,1875.4399999999991,0.0,0.0,0.0,1875.4399999999991,Johnson's Bar,Absolut,502.0572687909224,False
2023-12-01,1875.4399999999991,0.0,0.0,1875.4399999999991,0.0,0.0,0.0,1875.4399999999991,Johnson's Bar,Absolut,502.0572687909224,False
2023-12-02,1875.4399999999991,253.08,0.0,1622.3599999999992,0.0,0.0,0.0,1622.3599999999992,Johnson's Bar,Absolut,502.0572687909224,False
2023-12-03,1622.3599999999992,173.92,0.0,1448.4399999999991,0.0,0.0,0.0,1448.4399999999991,Johnson's Bar,Absolut,502.0572687909224,False
2023-12-04,1448.4399999999991,161.34,0.0,1287.0999999999992,0.0,0.0,0.0,1287.0999999999992,Johnson's Bar,Absolut,502.0572687909224,False
2023-12-05,1287.0999999999992,0.0,0.0,1287.0999999999992,0.0,0.0,0.0,1287.0999999999992,Johnson's Bar,Absolut,502.0572687909224,False
2023-12-06,1287.0999999999992,0.0,0.0,1287.0999999999992,0.0,0.0,0.0,1287.0999999999992,Johnson's Bar,Absolut,502.0572687909224,False
2023-12-07,1287.0999999999992,0.0,0.0,1287.0999999999992,0.0,0.0,0.0,1287.0999999999992,Johnson's Bar,Absolut,502.0572687909224,False
2023-12-08,1287.0999999999992,0.0,0.0,1287.0999999999992,0.0,0.0,0.0,1287.0999999999992,Johnson's Bar,Absolut,502.0572687909224,False
2023-12-09,1287.0999999999992,0.0,0.0,1287.0999999999992,0.0,0.0,0.0,1287.0999999999992,Johnson's Bar,Absolut,502.0572687909224,False
2023-12-10,1287.0999999999992,137.43,0.0,1149.6699999999992,0.0,0.0,0.0,1149.6699999999992,Johnson's Bar,Absolut,502.0572687909224,False
2023-12-11,1149.6699999999992,340.37,0.0,809.2999999999992,0.0,0.0,0.0,809.2999999999992,Johnson's Bar,Absolut,502.0572687909224,False
2023-12-12,809.2999999999992,0.0,0.0,809.2999999999992,0.0,0.0,0.0,809.2999999999992,Johnson's Bar,Absolut,502.0572687909224,False
2023-12-13,809.2999999999992,0.0,0.0,809.2999999999992,0.0,0.0,0.0,809.2999999999992,Johnson's Bar,Absolut,502.0572687909224,False
2023-12-14,809.2999999999992,0.0,0.0,809.2999999999992,0.0,0.0,0.0,809.2999999999992,Johnson's Bar,Absolut,502.0572687909224,False
2023-12-15,809.2999999999992,556.53,0.0,252.7699999999992,0.0,249.28726879092324,0.0,252.7699999999992,Johnson's Bar,Absolut,502.0572687909224,False
2023-12-16,252.7699999999992,0.0,0.0,252.7699999999992,0.0,0.0,249.28726879092324,502.0572687909224,Johnson's Bar,Absolut,502.0572687909224,False
2023-12-17,502.0572687909224,0.0,249.28726879092324,502.0572687909224,0.0,0.0,0.0,502.0572687909224,Johnson's Bar,Absolut,502.0572687909224,False
2023-12-18,502.0572687909224,0.0,0.0,502.0572687909224,0.0,0.0,0.0,502.0572687909224,Johnson's Bar,Absolut,502.0572687909224,False
2023-12-19,502.0572687909224,0.0,0.0,502.0572687909224,0.0,0.0,0.0,502.0572687909224,Johnson's Bar,Absolut,502.0572687909224,False
2023-12-20,502.0572687909224,0.0,0.0,502.0572687909224,0.0,0.0,0.0,502.0572687909224,Johnson's Bar,Absolut,502.0572687909224,False
2023-12-21,502.0572687909224,0.0,0.0,502.0572687909224,0.0,0.0,0.0,502.0572687909224,Johnson's Bar,Absolut,502.0572687909224,False
2023-12-22,502.0572687909224,0.0,0.0,502.0572687909224,0.0,0.0,0.0,502.0572687909224,Johnson's Bar,Absolut,502.0572687909224,False
2023-12-23,502.0572687909224,0.0,0.0,502.0572687909224,0.0,0.0,0.0,502.0572687909224,Johnson's Bar,Absolut,502.0572687909224,False
2023-12-24,502.0572687909224,0.0,0.0,502.0572687909224,0.0,0.0,0.0,502.0572687909224,Johnson's Bar,Absolut,502.0572687909224,False
2023-12-25,502.0572687909224,0.0,0.0,502.0572687909224,0.0,0.0,0.0,502.0572687909224,Johnson's Bar,Absolut,502.0572687909224,False
2023-12-26,502.0572687909224,0.0,0.0,502.0572687909224,0.0,0.0,0.0,502.0572687909224,Johnson's Bar,Absolut,502.0572687909224,False
2023-12-27,502.0572687909224,0.0,0.0,502.0572687909224,0.0,0.0,0.0,502.0572687909224,Johnson's Bar,Absolut,502.0572687909224,False
2023-12-28,502.0572687909224,0.0,0.0,502.0572687909224,0.0,0.0,0.0,502.0572687909224,Johnson's Bar,Absolut,502.0572687909224,False
2023-12-29,502.0572687909224,0.0,0.0,502.0572687909224,0.0,0.0,0.0,502.0572687909224,Johnson's Bar,Absolut,502.0572687909224,False
2023-12-30,502.0572687909224,0.0,0.0,502.0572687909224,0.0,0.0,0.0,502.0572687909224,Johnson's Bar,Absolut,502.0572687909224,False
2023-12-31,502.0572687909224,0.0,0.0,502.0572687909224,0.0,0.0,0.0,502.0572687909224,Johnson's Bar,Absolut,502.0572687909224,False
2024-01-01,502.0572687909224,0.0,0.0,502.0572687909224,0.0,0.0,0.0,502.0572687909224,Johnson's Bar,Absolut,502.0572687909224,False
2023-10-20,6007.71,343.13,0.0,5664.58,0.0,0.0,0.0,5664.58,Johnson's Bar,Malibu,501.4380352124585,False
2023-10-21,5664.58,0.0,0.0,5664.58,0.0,0.0,0.0,5664.58,Johnson's Bar,Malibu,501.4380352124585,False
2023-10-22,5664.58,0.0,0.0,5664.58,0.0,0.0,0.0,5664.58,Johnson's Bar,Malibu,501.4380352124585,False
2023-10-23,5664.58,0.0,0.0,5664.58,0.0,0.0,0.0,5664.58,Johnson's Bar,Malibu,501.4380352124585,False
2023-10-24,5664.58,0.0,0.0,5664.58,0.0,0.0,0.0,5664.58,Johnson's Bar,Malibu,501.4380352124585,False
2023-10-25,5664.58,187.49,0.0,5477.09,0.0,0.0,0.0,5477.09,Johnson's Bar,Malibu,501.4380352124585,False
2023-10-26,5477.09,0.0,0.0,5477.09,0.0,0.0,0.0,5477.09,Johnson's Bar,Malibu,501.4380352124585,False
2023-10-27,5477.09,0.0,0.0,5477.09,0.0,0.0,0.0,5477.09,Johnson's Bar,Malibu,501.4380352124585,False
2023-10-28,5477.09,0.0,0.0,5477.09,0.0,0.0,0.0,5477.09,Johnson's Bar,Malibu,501.4380352124585,False
2023-10-29,5477.09,0.0,0.0,5477.09,0.0,0.0,0.0,5477.09,Johnson's Bar,Malibu,501.4380352124585,False
2023-10-30,5477.09,0.0,0.0,5477.09,0.0,0.0,0.0,5477.09,Johnson's Bar,Malibu,501.4380352124585,False
2023-10-31,5477.09,0.0,0.0,5477.09,0.0,0.0,0.0,5477.09,Johnson's Bar,Malibu,501.4380352124585,False
2023-11-01,5477.09,0.0,0.0,5477.09,0.0,0.0,0.0,5477.09,Johnson's Bar,Malibu,501.4380352124585,False
2023-11-02,5477.09,0.0,0.0,5477.09,0.0,0.0,0.0,5477.09,Johnson's Bar,Malibu,501.4380352124585,False
2023-11-03,5477.09,0.0,0.0,5477.09,0.0,0.0,0.0,5477.09,Johnson's Bar,Malibu,501.4380352124585,False
2023-11-04,5477.09,0.0,0.0,5477.09,0.0,0.0,0.0,5477.09,Johnson's Bar,Malibu,501.4380352124585,False
2023-11-05,5477.09,286.83,0.0,5190.26,0.0,0.0,0.0,5190.26,Johnson's Bar,Malibu,501.4380352124585,False
2023-11-06,5190.26,433.24,0.0,4757.02,0.0,0.0,0.0,4757.02,Johnson's Bar,Malibu,501.4380352124585,False
2023-11-07,4757.02,0.0,0.0,4757.02,0.0,0.0,0.0,4757.02,Johnson's Bar,Malibu,501.4380352124585,False
2023-11-08,4757.02,0.0,0.0,4757.02,0.0,0.0,0.0,4757.02,Johnson's Bar,Malibu,501.4380352124585,False
2023-11-09,4757.02,0.0,0.0,4757.02,0.0,0.0,0.0,4757.02,Johnson's Bar,Malibu,501.4380352124585,False
2023-11-10,4757.02,0.0,0.0,4757.02,0.0,0.0,0.0,4757.02,Johnson's Bar,Malibu,501.4380352124585,False
2023-11-11,4757.02,575.52,0.0,4181.5,0.0,0.0,0.0,4181.5,Johnson's Bar,Malibu,501.4380352124585,False
2023-11-12,4181.5,445.17,0.0,3736.33,0.0,0.0,0.0,3736.33,Johnson's Bar,Malibu,501.4380352124585,False
2023-11-13,3736.33,0.0,0.0,3736.33,0.0,0.0,0.0,3736.33,Johnson's Bar,Malibu,501.4380352124585,False
2023-11-14,3736.33,0.0,0.0,3736.33,0.0,0.0,0.0,3736.33,Johnson's Bar,Malibu,501.4380352124585,False
2023-11-15,3736.33,409.56,0.0,3326.77,0.0,0.0,0.0,3326.77,Johnson's Bar,Malibu,501.4380352124585,False
2023-11-16,3326.77,0.0,0.0,3326.77,0.0,0.0,0.0,3326.77,Johnson's Bar,Malibu,501.4380352124585,False
2023-11-17,3326.77,0.0,0.0,3326.77,0.0,0.0,0.0,3326.77,Johnson's Bar,Malibu,501.4380352124585,False
2023-11-18,3326.77,0.0,0.0,3326.77,0.0,0.0,0.0,3326.77,Johnson's Bar,Malibu,501.4380352124585,False
2023-11-19,3326.77,0.0,0.0,3326.77,0.0,0.0,0.0,3326.77,Johnson's Bar,Malibu,501.4380352124585,False
2023-11-20,3326.77,389.06,0.0,2937.71,0.0,0.0,0.0,2937.71,Johnson's Bar,Malibu,501.4380352124585,False
2023-11-21,2937.71,0.0,0.0,2937.71,0.0,0.0,0.0,2937.71,Johnson's Bar,Malibu,501.4380352124585,False
2023-11-22,2937.71,0.0,0.0,2937.71,0.0,0.0,0.0,2937.71,Johnson's Bar,Malibu,501.4380352124585,False
2023-11-23,2937.71,0.0,0.0,2937.71,0.0,0.0,0.0,2937.71,Johnson's Bar,Malibu,501.4380352124585,False
2023-11-24,2937.71,484.24,0.0,2453.4700000000003,0.0,0.0,0.0,2453.4700000000003,Johnson's Bar,Malibu,501.4380352124585,False
2023-11-25,2453.4700000000003,0.0,0.0,2453.4700000000003,0.0,0.0,0.0,2453.4700000000003,Johnson's Bar,Malibu,501.4380352124585,False
2023-11-26,2453.4700000000003,0.0,0.0,2453.4700000000003,0.0,0.0,0.0,2453.4700000000003,Johnson's Bar,Malibu,501.4380352124585,False
2023-11-27,2453.4700000000003,0.0,0.0,2453.4700000000003,0.0,0.0,0.0,2453.4700000000003,Johnson's Bar,Malibu,501.4380352124585,False
2023-11-28,2453.4700000000003,0.0,0.0,2453.4700000000003,0.0,0.0,0.0,2453.4700000000003,Johnson's Bar,Malibu,501.4380352124585,False
2023-11-29,2453.4700000000003,0.0,0.0,2453.4700000000003,0.0,0.0,0.0,2453.4700000000003,Johnson's Bar,Malibu,501.4380352124585,False
2023-11-30,2453.4700000000003,0.0,0.0,2453.4700000000003,0.0,0.0,0.0,2453.4700000000003,Johnson's Bar,Malibu,501.4380352124585,False
2023-12-01,2453.4700000000003,0.0,0.0,2453.4700000000003,0.0,0.0,0.0,2453.4700000000003,Johnson's Bar,Malibu,501.4380352124585,False
2023-12-02,2453.4700000000003,0.0,0.0,2453.4700000000003,0.0,0.0,0.0,2453.4700000000003,Johnson's Bar,Malibu,501.4380352124585,False
2023-12-03,2453.4700000000003,0.0,0.0,2453.4700000000003,0.0,0.0,0.0,2453.4700000000003,Johnson's Bar,Malibu,501.4380352124585,False
2023-12-04,2453.4700000000003,433.68,0.0,2019.7900000000002,0.0,0.0,0.0,2019.7900000000002,Johnson's Bar,Malibu,501.4380352124585,False
2023-12-05,2019.7900000000002,0.0,0.0,2019.7900000000002,0.0,0.0,0.0,2019.7900000000002,Johnson's Bar,Malibu,501.4380352124585,False
2023-12-06,2019.7900000000002,492.64,0.0,1527.15,0.0,0.0,0.0,1527.15,Johnson's Bar,Malibu,501.4380352124585,False
2023-12-07,1527.15,0.0,0.0,1527.15,0.0,0.0,0.0,1527.15,Johnson's Bar,Malibu,501.4380352124585,False
2023-12-08,1527.15,0.0,0.0,1527.15,0.0,0.0,0.0,1527.15,Johnson's Bar,Malibu,501.4380352124585,False
2023-12-09,1527.15,0.0,0.0,1527.15,0.0,0.0,0.0,1527.15,Johnson's Bar,Malibu,501.4380352124585,False
2023-12-10,1527.15,0.0,0.0,1527.15,0.0,0.0,0.0,1527.15,Johnson's Bar,Malibu,501.4380352124585,False
2023-12-11,1527.15,0.0,0.0,1527.15,0.0,0.0,0.0,1527.15,Johnson's Bar,Malibu,501.4380352124585,False
2023-12-12,1527.15,0.0,0.0,1527.15,0.0,0.0,0.0,1527.15,Johnson's Bar,Malibu,501.4380352124585,False
2023-12-13,1527.15,0.0,0.0,1527.15,0.0,0.0,0.0,1527.15,Johnson's Bar,Malibu,501.4380352124585,False
2023-12-14,1527.15,530.8,0.0,996.3500000000001,0.0,0.0,0.0,996.3500000000001,Johnson's Bar,Malibu,501.4380352124585,False
2023-12-15,996.3500000000001,0.0,0.0,996.3500000000001,0.0,0.0,0.0,996.3500000000001,Johnson's Bar,Malibu,501.4380352124585,False
2023-12-16,996.3500000000001,0.0,0.0,996.3500000000001,0.0,0.0,0.0,996.3500000000001,Johnson's Bar,Malibu,501.4380352124585,False
2023-12-17,996.3500000000001,204.13,0.0,792.2200000000001,0.0,0.0,0.0,792.2200000000001,Johnson's Bar,Malibu,501.4380352124585,False
2023-12-18,792.2200000000001,0.0,0.0,792.2200000000001,0.0,0.0,0.0,792.2200000000001,Johnson's Bar,Malibu,501.4380352124585,False
2023-12-19,792.2200000000001,0.0,0.0,792.2200000000001,0.0,0.0,0.0,792.2200000000001,Johnson's Bar,Malibu,501.4380352124585,False
2023-12-20,792.2200000000001,174.28,0.0,617.9400000000002,0.0,0.0,0.0,617.9400000000002,Johnson's Bar,Malibu,501.4380352124585,False
2023-12-21,617.9400000000002,0.0,0.0,617.9400000000002,0.0,0.0,0.0,617.9400000000002,Johnson's Bar,Malibu,501.4380352124585,False
2023-12-22,617.9400000000002,395.06,0.0,222.88000000000017,0.0,278.5580352124583,0.0,222.88000000000017,Johnson's Bar,Malibu,501.4380352124585,False
2023-12-23,222.88000000000017,236.15,0.0,0.0,13.26999999999984,222.88000000000017,278.5580352124583,278.5580352124583,Johnson's Bar,Malibu,501.4380352124585,True
2023-12-24,278.5580352124583,0.0,278.5580352124583,278.5580352124583,0.0,0.0,222.88000000000017,501.4380352124585,Johnson's Bar,Malibu,501.4380352124585,False
2023-12-25,501.4380352124585,0.0,222.88000000000017,501.4380352124585,0.0,0.0,0.0,501.4380352124585,Johnson's Bar,Malibu,501.4380352124585,False
2023-12-26,501.4380352124585,0.0,0.0,501.4380352124585,0.0,0.0,0.0,501.4380352124585,Johnson's Bar,Malibu,501.4380352124585,False
2023-12-27,501.4380352124585,0.0,0.0,501.4380352124585,0.0,0.0,0.0,501.4380352124585,Johnson's Bar,Malibu,501.4380352124585,False
2023-12-28,501.4380352124585,0.0,0.0,501.4380352124585,0.0,0.0,0.0,501.4380352124585,Johnson's Bar,Malibu,501.4380352124585,False
2023-12-29,501.4380352124585,0.0,0.0,501.4380352124585,0.0,0.0,0.0,501.4380352124585,Johnson's Bar,Malibu,501.4380352124585,False
2023-12-30,501.4380352124585,0.0,0.0,501.4380352124585,0.0,0.0,0.0,501.4380352124585,Johnson's Bar,Malibu,501.4380352124585,False
2023-12-31,501.4380352124585,0.0,0.0,501.4380352124585,0.0,0.0,0.0,501.4380352124585,Johnson's Bar,Malibu,501.4380352124585,False
2024-01-01,501.4380352124585,278.16,0.0,223.27803521245846,0.0,278.16,0.0,223.27803521245846,Johnson's Bar,Malibu,501.4380352124585,False
2023-10-20,565.87,123.44,0.0,442.43,0.0,0.0,0.0,442.43,Johnson's Bar,Miller,409.9860658571896,False
2023-10-21,442.43,0.0,0.0,442.43,0.0,0.0,0.0,442.43,Johnson's Bar,Miller,409.9860658571896,False
2023-10-22,442.43,0.0,0.0,442.43,0.0,0.0,0.0,442.43,Johnson's Bar,Miller,409.9860658571896,False
2023-10-23,442.43,304.07,0.0,138.36,0.0,271.6260658571896,0.0,138.36,Johnson's Bar,Miller,409.9860658571896,False
2023-10-24,138.36,0.0,0.0,138.36,0.0,0.0,271.6260658571896,409.9860658571896,Johnson's Bar,Miller,409.9860658571896,False
2023-10-25,409.9860658571896,0.0,271.6260658571896,409.9860658571896,0.0,0.0,0.0,409.9860658571896,Johnson's Bar,Miller,409.9860658571896,False
2023-10-26,409.9860658571896,0.0,0.0,409.9860658571896,0.0,0.0,0.0,409.9860658571896,Johnson's Bar,Miller,409.9860658571896,False
2023-10-27,409.9860658571896,540.8,0.0,0.0,130.81393414281035,409.9860658571896,0.0,0.0,Johnson's Bar,Miller,409.9860658571896,True
2023-10-28,0.0,0.0,0.0,0.0,0.0,0.0,409.9860658571896,409.9860658571896,Johnson's Bar,Miller,409.9860658571896,True
2023-10-29,409.9860658571896,0.0,409.9860658571896,409.9860658571896,0.0,0.0,0.0,409.9860658571896,Johnson's Bar,Miller,409.9860658571896,False
2023-10-30,409.9860658571896,0.0,0.0,409.9860658571896,0.0,0.0,0.0,409.9860658571896,Johnson's Bar,Miller,409.9860658571896,False
2023-10-31,409.9860658571896,0.0,0.0,409.9860658571896,0.0,0.0,0.0,409.9860658571896,Johnson's Bar,Miller,409.9860658571896,False
2023-11-01,409.9860658571896,0.0,0.0,409.9860658571896,0.0,0.0,0.0,409.9860658571896,Johnson's Bar,Miller,409.9860658571896,False
2023-11-02,409.9860658571896,510.5,0.0,0.0,100.5139341428104,409.9860658571896,0.0,0.0,Johnson's Bar,Miller,409.9860658571896,True
2023-11-03,0.0,0.0,0.0,0.0,0.0,0.0,409.9860658571896,409.9860658571896,Johnson's Bar,Miller,409.9860658571896,True
2023-11-04,409.9860658571896,0.0,409.9860658571896,409.9860658571896,0.0,0.0,0.0,409.9860658571896,Johnson's Bar,Miller,409.9860658571896,False
2023-11-05,409.9860658571896,0.0,0.0,409.9860658571896,0.0,0.0,0.0,409.9860658571896,Johnson's Bar,Miller,409.9860658571896,False
2023-11-06,409.9860658571896,0.0,0.0,409.9860658571896,0.0,0.0,0.0,409.9860658571896,Johnson's Bar,Miller,409.9860658571896,False
2023-11-07,409.9860658571896,139.61,0.0,270.3760658571896,0.0,139.61,0.0,270.3760658571896,Johnson's Bar,Miller,409.9860658571896,False
2023-11-08,270.3760658571896,296.27,0.0,0.0,25.893934142810394,270.3760658571896,139.61,139.61,Johnson's Bar,Miller,409.9860658571896,True
2023-11-09,139.61,0.0,139.61,139.61,0.0,0.0,270.3760658571896,409.9860658571896,Johnson's Bar,Miller,409.9860658571896,False
2023-11-10,409.9860658571896,0.0,270.3760658571896,409.9860658571896,0.0,0.0,0.0,409.9860658571896,Johnson's Bar,Miller,409.9860658571896,False
2023-11-11,409.9860658571896,0.0,0.0,409.9860658571896,0.0,0.0,0.0,409.9860658571896,Johnson's Bar,Miller,409.9860658571896,False
2023-11-12,409.9860658571896,0.0,0.0,409.9860658571896,0.0,0.0,0.0,409.9860658571896,Johnson's Bar,Miller,409.9860658571896,False
2023-11-13,409.9860658571896,0.0,0.0,409.9860658571896,0.0,0.0,0.0,409.9860658571896,Johnson's Bar,Miller,409.9860658571896,False
2023-11-14,409.9860658571896,0.0,0.0,409.9860658571896,0.0,0.0,0.0,409.9860658571896,Johnson's Bar,Miller,409.9860658571896,False
2023-11-15,409.9860658571896,0.0,0.0,409.9860658571896,0.0,0.0,0.0,409.9860658571896,Johnson's Bar,Miller,409.9860658571896,False
2023-11-16,409.9860658571896,282.75,0.0,127.2360658571896,0.0,282.75,0.0,127.2360658571896,Johnson's Bar,Miller,409.9860658571896,False
2023-11-17,127.2360658571896,0.0,0.0,127.2360658571896,0.0,0.0,282.75,409.9860658571896,Johnson's Bar,Miller,409.9860658571896,False
2023-11-18,409.9860658571896,0.0,282.75,409.9860658571896,0.0,0.0,0.0,409.9860658571896,Johnson's Bar,Miller,409.9860658571896,False
2023-11-19,409.9860658571896,178.56,0.0,231.4260658571896,0.0,178.56,0.0,231.4260658571896,Johnson's Bar,Miller,409.9860658571896,False
2023-11-20,231.4260658571896,0.0,0.0,231.4260658571896,0.0,0.0,178.56,409.9860658571896,Johnson's Bar,Miller,409.9860658571896,False
2023-11-21,409.9860658571896,0.0,178.56,409.9860658571896,0.0,0.0,0.0,409.9860658571896,Johnson's Bar,Miller,409.9860658571896,False
2023-11-22,409.9860658571896,0.0,0.0,409.9860658571896,0.0,0.0,0.0,409.9860658571896,Johnson's Bar,Miller,409.9860658571896,False
2023-11-23,409.9860658571896,0.0,0.0,409.9860658571896,0.0,0.0,0.0,409.9860658571896,Johnson's Bar,Miller,409.9860658571896,False
2023-11-24,409.9860658571896,590.85,0.0,0.0,180.86393414281042,409.9860658571896,0.0,0.0,Johnson's Bar,Miller,409.9860658571896,True
2023-11-25,0.0,0.0,0.0,0.0,0.0,0.0,409.9860658571896,409.9860658571896,Johnson's Bar,Miller,409.9860658571896,True
2023-11-26,409.9860658571896,374.61,409.9860658571896,35.37606585718959,0.0,374.61,0.0,35.37606585718959,Johnson's Bar,Miller,409.9860658571896,False
2023-11-27,35.37606585718959,0.0,0.0,35.37606585718959,0.0,0.0,374.61,409.9860658571896,Johnson's Bar,Miller,409.9860658571896,False
2023-11-28,409.9860658571896,363.94,374.61,46.0460658571896,0.0,363.94,0.0,46.0460658571896,Johnson's Bar,Miller,409.9860658571896,False
2023-11-29,46.0460658571896,0.0,0.0,46.0460658571896,0.0,0.0,363.94,409.9860658571896,Johnson's Bar,Miller,409.9860658571896,False
2023-11-30,409.9860658571896,0.0,363.94,409.9860658571896,0.0,0.0,0.0,409.9860658571896,Johnson's Bar,Miller,409.9860658571896,False
2023-12-01,409.9860658571896,0.0,0.0,409.9860658571896,0.0,0.0,0.0,409.9860658571896,Johnson's Bar,Miller,409.9860658571896,False
2023-12-02,409.9860658571896,0.0,0.0,409.9860658571896,0.0,0.0,0.0,409.9860658571896,Johnson's Bar,Miller,409.9860658571896,False
2023-12-03,409.9860658571896,0.0,0.0,409.9860658571896,0.0,0.0,0.0,409.9860658571896,Johnson's Bar,Miller,409.9860658571896,False
2023-12-04,409.9860658571896,0.0,0.0,409.9860658571896,0.0,0.0,0.0,409.9860658571896,Johnson's Bar,Miller,409.9860658571896,False
2023-12-05,409.9860658571896,367.63,0.0,42.356065857189606,0.0,367.63,0.0,42.356065857189606,Johnson's Bar,Miller,409.9860658571896,False
2023-12-06,42.356065857189606,0.0,0.0,42.356065857189606,0.0,0.0,367.63,409.9860658571896,Johnson's Bar,Miller,409.9860658571896,False
2023-12-07,409.9860658571896,0.0,367.63,409.9860658571896,0.0,0.0,0.0,409.9860658571896,Johnson's Bar,Miller,409.9860658571896,False
2023-12-08,409.9860658571896,0.0,0.0,409.9860658571896,0.0,0.0,0.0,409.9860658571896,Johnson's Bar,Miller,409.9860658571896,False
2023-12-09,409.9860658571896,0.0,0.0,409.9860658571896,0.0,0.0,0.0,409.9860658571896,Johnson's Bar,Miller,409.9860658571896,False
2023-12-10,409.9860658571896,0.0,0.0,409.9860658571896,0.0,0.0,0.0,409.9860658571896,Johnson's Bar,Miller,409.9860658571896,False
2023-12-11,409.9860658571896,519.95,0.0,0.0,109.96393414281044,409.9860658571896,0.0,0.0,Johnson's Bar,Miller,409.9860658571896,True
2023-12-12,0.0,0.0,0.0,0.0,0.0,0.0,409.9860658571896,409.9860658571896,Johnson's Bar,Miller,409.9860658571896,True
2023-12-13,409.9860658571896,52.81,409.9860658571896,357.1760658571896,0.0,52.81,0.0,357.1760658571896,Johnson's Bar,Miller,409.9860658571896,False
2023-12-14,357.1760658571896,0.0,0.0,357.1760658571896,0.0,0.0,52.81,409.9860658571896,Johnson's Bar,Miller,409.9860658571896,False
2023-12-15,409.9860658571896,0.0,52.81,409.9860658571896,0.0,0.0,0.0,409.9860658571896,Johnson's Bar,Miller,409.9860658571896,False
2023-12-16,409.9860658571896,0.0,0.0,409.9860658571896,0.0,0.0,0.0,409.9860658571896,Johnson's Bar,Miller,409.9860658571896,False
2023-12-17,409.9860658571896,0.0,0.0,409.9860658571896,0.0,0.0,0.0,409.9860658571896,Johnson's Bar,Miller,409.9860658571896,False
2023-12-18,409.9860658571896,0.0,0.0,409.9860658571896,0.0,0.0,0.0,409.9860658571896,Johnson's Bar,Miller,409.9860658571896,False
2023-12-19,409.9860658571896,0.0,0.0,409.9860658571896,0.0,0.0,0.0,409.9860658571896,Johnson's Bar,Miller,409.9860658571896,False
2023-12-20,409.9860658571896,0.0,0.0,409.9860658571896,0.0,0.0,0.0,409.9860658571896,Johnson's Bar,Miller,409.9860658571896,False
2023-12-21,409.9860658571896,0.0,0.0,409.9860658571896,0.0,0.0,0.0,409.9860658571896,Johnson's Bar,Miller,409.9860658571896,False
2023-12-22,409.9860658571896,0.0,0.0,409.9860658571896,0.0,0.0,0.0,409.9860658571896,Johnson's Bar,Miller,409.9860658571896,False
2023-12-23,409.9860658571896,0.0,0.0,409.9860658571896,0.0,0.0,0.0,409.9860658571896,Johnson's Bar,Miller,409.9860658571896,False
2023-12-24,409.9860658571896,0.0,0.0,409.9860658571896,0.0,0.0,0.0,409.9860658571896,Johnson's Bar,Miller,409.9860658571896,False
2023-12-25,409.9860658571896,0.0,0.0,409.9860658571896,0.0,0.0,0.0,409.9860658571896,Johnson's Bar,Miller,409.9860658571896,False
2023-12-26,409.9860658571896,0.0,0.0,409.9860658571896,0.0,0.0,0.0,409.9860658571896,Johnson's Bar,Miller,409.9860658571896,False
2023-12-27,409.9860658571896,0.0,0.0,409.9860658571896,0.0,0.0,0.0,409.9860658571896,Johnson's Bar,Miller,409.9860658571896,False
2023-12-28,409.9860658571896,0.0,0.0,409.9860658571896,0.0,0.0,0.0,409.9860658571896,Johnson's Bar,Miller,409.9860658571896,False
2023-12-29,409.9860658571896,0.0,0.0,409.9860658571896,0.0,0.0,0.0,409.9860658571896,Johnson's Bar,Miller,409.9860658571896,False
2023-12-30,409.9860658571896,0.0,0.0,409.9860658571896,0.0,0.0,0.0,409.9860658571896,Johnson's Bar,Miller,409.9860658571896,False
2023-12-31,409.9860658571896,0.0,0.0,409.9860658571896,0.0,0.0,0.0,409.9860658571896,Johnson's Bar,Miller,409.9860658571896,False
2024-01-01,409.9860658571896,0.0,0.0,409.9860658571896,0.0,0.0,0.0,409.9860658571896,Johnson's Bar,Miller,409.9860658571896,False
2023-10-20,2056.94,226.17,0.0,1830.77,0.0,0.0,0.0,1830.77,Smith's Bar,Absolut,552.3826719833628,False
2023-10-21,1830.77,228.72,0.0,1602.05,0.0,0.0,0.0,1602.05,Smith's Bar,Absolut,552.3826719833628,False
2023-10-22,1602.05,0.0,0.0,1602.05,0.0,0.0,0.0,1602.05,Smith's Bar,Absolut,552.3826719833628,False
2023-10-23,1602.05,158.54,0.0,1443.51,0.0,0.0,0.0,1443.51,Smith's Bar,Absolut,552.3826719833628,False
2023-10-24,1443.51,0.0,0.0,1443.51,0.0,0.0,0.0,1443.51,Smith's Bar,Absolut,552.3826719833628,False
2023-10-25,1443.51,403.13,0.0,1040.38,0.0,0.0,0.0,1040.38,Smith's Bar,Absolut,552.3826719833628,False
2023-10-26,1040.38,0.0,0.0,1040.38,0.0,0.0,0.0,1040.38,Smith's Bar,Absolut,552.3826719833628,False
2023-10-27,1040.38,0.0,0.0,1040.38,0.0,0.0,0.0,1040.38,Smith's Bar,Absolut,552.3826719833628,False
2023-10-28,1040.38,0.0,0.0,1040.38,0.0,0.0,0.0,1040.38,Smith's Bar,Absolut,552.3826719833628,False
2023-10-29,1040.38,0.0,0.0,1040.38,0.0,0.0,0.0,1040.38,Smith's Bar,Absolut,552.3826719833628,False
2023-10-30,1040.38,0.0,0.0,1040.38,0.0,0.0,0.0,1040.38,Smith's Bar,Absolut,552.3826719833628,False
2023-10-31,1040.38,371.68,0.0,668.7,0.0,0.0,0.0,668.7,Smith's Bar,Absolut,552.3826719833628,False
2023-11-01,668.7,0.0,0.0,668.7,0.0,0.0,0.0,668.7,Smith's Bar,Absolut,552.3826719833628,False
2023-11-02,668.7,280.97,0.0,387.73,0.0,164.65267198336278,0.0,387.73,Smith's Bar,Absolut,552.3826719833628,False
2023-11-03,387.73,212.94,0.0,174.79000000000002,0.0,212.94,164.65267198336278,339.4426719833628,Smith's Bar,Absolut,552.3826719833628,False
2023-11-04,339.4426719833628,0.0,164.65267198336278,339.4426719833628,0.0,0.0,212.94,552.3826719833628,Smith's Bar,Absolut,552.3826719833628,False
2023-11-05,552.3826719833628,160.64,212.94,391.7426719833628,0.0,160.64,0.0,391.7426719833628,Smith's Bar,Absolut,552.3826719833628,False
2023-11-06,391.7426719833628,157.02,0.0,234.7226719833628,0.0,157.01999999999998,160.64,395.3626719833628,Smith's Bar,Absolut,552.3826719833628,False
2023-11-07,395.3626719833628,210.08,160.64,185.2826719833628,0.0,210.08000000000004,157.01999999999998,342.30267198336276,Smith's Bar,Absolut,552.3826719833628,False
2023-11-08,342.30267198336276,0.0,157.01999999999998,342.30267198336276,0.0,0.0,210.08000000000004,552.3826719833628,Smith's Bar,Absolut,552.3826719833628,False
2023-11-09,552.3826719833628,0.0,210.08000000000004,552.3826719833628,0.0,0.0,0.0,552.3826719833628,Smith's Bar,Absolut,552.3826719833628,False
2023-11-10,552.3826719833628,0.0,0.0,552.3826719833628,0.0,0.0,0.0,552.3826719833628,Smith's Bar,Absolut,552.3826719833628,False
2023-11-11,552.3826719833628,491.48,0.0,60.90267198336278,0.0,491.48,0.0,60.90267198336278,Smith's Bar,Absolut,552.3826719833628,False
2023-11-12,60.90267198336278,156.61,0.0,0.0,95.70732801663723,60.90267198336278,491.48,491.48,Smith's Bar,Absolut,552.3826719833628,True
2023-11-13,491.48,0.0,491.48,491.48,0.0,0.0,60.90267198336278,552.3826719833628,Smith's Bar,Absolut,552.3826719833628,False
2023-11-14,552.3826719833628,462.35,60.90267198336278,90.03267198336277,0.0,462.35,0.0,90.03267198336277,Smith's Bar,Absolut,552.3826719833628,False
2023-11-15,90.03267198336277,0.0,0.0,90.03267198336277,0.0,0.0,462.35,552.3826719833628,Smith's Bar,Absolut,552.3826719833628,False
2023-11-16,552.3826719833628,0.0,462.35,552.3826719833628,0.0,0.0,0.0,552.3826719833628,Smith's Bar,Absolut,552.3826719833628,False
2023-11-17,552.3826719833628,318.86,0.0,233.52267198336278,0.0,318.86,0.0,233.52267198336278,Smith's Bar,Absolut,552.3826719833628,False
2023-11-18,233.52267198336278,0.0,0.0,233.52267198336278,0.0,0.0,318.86,552.3826719833628,Smith's Bar,Absolut,552.3826719833628,False
2023-11-19,552.3826719833628,0.0,318.86,552.3826719833628,0.0,0.0,0.0,552.3826719833628,Smith's Bar,Absolut,552.3826719833628,False
2023-11-20,552.3826719833628,0.0,0.0,552.3826719833628,0.0,0.0,0.0,552.3826719833628,Smith's Bar,Absolut,552.3826719833628,False
2023-11-21,552.3826719833628,0.0,0.0,552.3826719833628,0.0,0.0,0.0,552.3826719833628,Smith's Bar,Absolut,552.3826719833628,False
2023-11-22,552.3826719833628,0.0,0.0,552.3826719833628,0.0,0.0,0.0,552.3826719833628,Smith's Bar,Absolut,552.3826719833628,False
2023-11-23,552.3826719833628,0.0,0.0,552.3826719833628,0.0,0.0,0.0,552.3826719833628,Smith's Bar,Absolut,552.3826719833628,False
2023-11-24,552.3826719833628,0.0,0.0,552.3826719833628,0.0,0.0,0.0,552.3826719833628,Smith's Bar,Absolut,552.3826719833628,False
2023-11-25,552.3826719833628,0.0,0.0,552.3826719833628,0.0,0.0,0.0,552.3826719833628,Smith's Bar,Absolut,552.3826719833628,False
2023-11-26,552.3826719833628,0.0,0.0,552.3826719833628,0.0,0.0,0.0,552.3826719833628,Smith's Bar,Absolut,552.3826719833628,False
2023-11-27,552.3826719833628,0.0,0.0,552.3826719833628,0.0,0.0,0.0,552.3826719833628,Smith's Bar,Absolut,552.3826719833628,False
2023-11-28,552.3826719833628,0.0,0.0,552.3826719833628,0.0,0.0,0.0,552.3826719833628,Smith's Bar,Absolut,552.3826719833628,False
2023-11-29,552.3826719833628,0.0,0.0,552.3826719833628,0.0,0.0,0.0,552.3826719833628,Smith's Bar,Absolut,552.3826719833628,False
2023-11-30,552.3826719833628,0.0,0.0,552.3826719833628,0.0,0.0,0.0,552.3826719833628,Smith's Bar,Absolut,552.3826719833628,False
2023-12-01,552.3826719833628,0.0,0.0,552.3826719833628,0.0,0.0,0.0,552.3826719833628,Smith's Bar,Absolut,552.3826719833628,False
2023-12-02,552.3826719833628,0.0,0.0,552.3826719833628,0.0,0.0,0.0,552.3826719833628,Smith's Bar,Absolut,552.3826719833628,False
2023-12-03,552.3826719833628,0.0,0.0,552.3826719833628,0.0,0.0,0.0,552.3826719833628,Smith's Bar,Absolut,552.3826719833628,False
2023-12-04,552.3826719833628,0.0,0.0,552.3826719833628,0.0,0.0,0.0,552.3826719833628,Smith's Bar,Absolut,552.3826719833628,False
2023-12-05,552.3826719833628,0.0,0.0,552.3826719833628,0.0,0.0,0.0,552.3826719833628,Smith's Bar,Absolut,552.3826719833628,False
2023-12-06,552.3826719833628,0.0,0.0,552.3826719833628,0.0,0.0,0.0,552.3826719833628,Smith's Bar,Absolut,552.3826719833628,False
2023-12-07,552.3826719833628,153.07,0.0,399.3126719833628,0.0,153.07,0.0,399.3126719833628,Smith's Bar,Absolut,552.3826719833628,False
2023-12-08,399.3126719833628,0.0,0.0,399.3126719833628,0.0,0.0,153.07,552.3826719833628,Smith's Bar,Absolut,552.3826719833628,False
2023-12-09,552.3826719833628,0.0,153.07,552.3826719833628,0.0,0.0,0.0,552.3826719833628,Smith's Bar,Absolut,552.3826719833628,False
2023-12-10,552.3826719833628,147.69,0.0,404.6926719833628,0.0,147.69,0.0,404.6926719833628,Smith's Bar,Absolut,552.3826719833628,False
2023-12-11,404.6926719833628,0.0,0.0,404.6926719833628,0.0,0.0,147.69,552.3826719833628,Smith's Bar,Absolut,552.3826719833628,False
2023-12-12,552.3826719833628,0.0,147.69,552.3826719833628,0.0,0.0,0.0,552.3826719833628,Smith's Bar,Absolut,552.3826719833628,False
2023-12-13,552.3826719833628,0.0,0.0,552.3826719833628,0.0,0.0,0.0,552.3826719833628,Smith's Bar,Absolut,552.3826719833628,False
2023-12-14,552.3826719833628,0.0,0.0,552.3826719833628,0.0,0.0,0.0,552.3826719833628,Smith's Bar,Absolut,552.3826719833628,False
2023-12-15,552.3826719833628,0.0,0.0,552.3826719833628,0.0,0.0,0.0,552.3826719833628,Smith's Bar,Absolut,552.3826719833628,False
2023-12-16,552.3826719833628,100.93,0.0,451.4526719833628,0.0,100.93,0.0,451.4526719833628,Smith's Bar,Absolut,552.3826719833628,False
2023-12-17,451.4526719833628,0.0,0.0,451.4526719833628,0.0,0.0,100.93,552.3826719833628,Smith's Bar,Absolut,552.3826719833628,False
2023-12-18,552.3826719833628,0.0,100.93,552.3826719833628,0.0,0.0,0.0,552.3826719833628,Smith's Bar,Absolut,552.3826719833628,False
2023-12-19,552.3826719833628,353.81,0.0,198.5726719833628,0.0,353.81,0.0,198.5726719833628,Smith's Bar,Absolut,552.3826719833628,False
2023-12-20,198.5726719833628,0.0,0.0,198.5726719833628,0.0,0.0,353.81,552.3826719833628,Smith's Bar,Absolut,552.3826719833628,False
2023-12-21,552.3826719833628,0.0,353.81,552.3826719833628,0.0,0.0,0.0,552.3826719833628,Smith's Bar,Absolut,552.3826719833628,False
2023-12-22,552.3826719833628,0.0,0.0,552.3826719833628,0.0,0.0,0.0,552.3826719833628,Smith's Bar,Absolut,552.3826719833628,False
2023-12-23,552.3826719833628,0.0,0.0,552.3826719833628,0.0,0.0,0.0,552.3826719833628,Smith's Bar,Absolut,552.3826719833628,False
2023-12-24,552.3826719833628,0.0,0.0,552.3826719833628,0.0,0.0,0.0,552.3826719833628,Smith's Bar,Absolut,552.3826719833628,False
2023-12-25,552.3826719833628,0.0,0.0,552.3826719833628,0.0,0.0,0.0,552.3826719833628,Smith's Bar,Absolut,552.3826719833628,False
2023-12-26,552.3826719833628,0.0,0.0,552.3826719833628,0.0,0.0,0.0,552.3826719833628,Smith's Bar,Absolut,552.3826719833628,False
2023-12-27,552.3826719833628,0.0,0.0,552.3826719833628,0.0,0.0,0.0,552.3826719833628,Smith's Bar,Absolut,552.3826719833628,False
2023-12-28,552.3826719833628,0.0,0.0,552.3826719833628,0.0,0.0,0.0,552.3826719833628,Smith's Bar,Absolut,552.3826719833628,False
2023-12-29,552.3826719833628,0.0,0.0,552.3826719833628,0.0,0.0,0.0,552.3826719833628,Smith's Bar,Absolut,552.3826719833628,False
2023-12-30,552.3826719833628,0.0,0.0,552.3826719833628,0.0,0.0,0.0,552.3826719833628,Smith's Bar,Absolut,552.3826719833628,False
2023-12-31,552.3826719833628,598.9,0.0,0.0,46.51732801663718,552.3826719833628,0.0,0.0,Smith's Bar,Absolut,552.3826719833628,True
2024-01-01,0.0,0.0,0.0,0.0,0.0,0.0,552.3826719833628,552.3826719833628,Smith's Bar,Absolut,552.3826719833628,True
2023-10-20,7557.0,199.0,0.0,7358.0,0.0,0.0,0.0,7358.0,Smith's Bar,Sutter Home,490.2752810936048,False
2023-10-21,7358.0,0.0,0.0,7358.0,0.0,0.0,0.0,7358.0,Smith's Bar,Sutter Home,490.2752810936048,False
2023-10-22,7358.0,0.0,0.0,7358.0,0.0,0.0,0.0,7358.0,Smith's Bar,Sutter Home,490.2752810936048,False
2023-10-23,7358.0,0.0,0.0,7358.0,0.0,0.0,0.0,7358.0,Smith's Bar,Sutter Home,490.2752810936048,False
2023-10-24,7358.0,280.03,0.0,7077.97,0.0,0.0,0.0,7077.97,Smith's Bar,Sutter Home,490.2752810936048,False
2023-10-25,7077.97,0.0,0.0,7077.97,0.0,0.0,0.0,7077.97,Smith's Bar,Sutter Home,490.2752810936048,False
2023-10-26,7077.97,449.51,0.0,6628.46,0.0,0.0,0.0,6628.46,Smith's Bar,Sutter Home,490.2752810936048,False
2023-10-27,6628.46,0.0,0.0,6628.46,0.0,0.0,0.0,6628.46,Smith's Bar,Sutter Home,490.2752810936048,False
2023-10-28,6628.46,353.67,0.0,6274.79,0.0,0.0,0.0,6274.79,Smith's Bar,Sutter Home,490.2752810936048,False
2023-10-29,6274.79,363.52,0.0,5911.27,0.0,0.0,0.0,5911.27,Smith's Bar,Sutter Home,490.2752810936048,False
2023-10-30,5911.27,0.0,0.0,5911.27,0.0,0.0,0.0,5911.27,Smith's Bar,Sutter Home,490.2752810936048,False
2023-10-31,5911.27,0.0,0.0,5911.27,0.0,0.0,0.0,5911.27,Smith's Bar,Sutter Home,490.2752810936048,False
2023-11-01,5911.27,0.0,0.0,5911.27,0.0,0.0,0.0,5911.27,Smith's Bar,Sutter Home,490.2752810936048,False
2023-11-02,5911.27,410.46,0.0,5500.81,0.0,0.0,0.0,5500.81,Smith's Bar,Sutter Home,490.2752810936048,False
2023-11-03,5500.81,488.91,0.0,5011.900000000001,0.0,0.0,0.0,5011.900000000001,Smith's Bar,Sutter Home,490.2752810936048,False
2023-11-04,5011.900000000001,120.3,0.0,4891.6,0.0,0.0,0.0,4891.6,Smith's Bar,Sutter Home,490.2752810936048,False
2023-11-05,4891.6,0.0,0.0,4891.6,0.0,0.0,0.0,4891.6,Smith's Bar,Sutter Home,490.2752810936048,False
2023-11-06,4891.6,0.0,0.0,4891.6,0.0,0.0,0.0,4891.6,Smith's Bar,Sutter Home,490.2752810936048,False
2023-11-07,4891.6,0.0,0.0,4891.6,0.0,0.0,0.0,4891.6,Smith's Bar,Sutter Home,490.2752810936048,False
2023-11-08,4891.6,0.0,0.0,4891.6,0.0,0.0,0.0,4891.6,Smith's Bar,Sutter Home,490.2752810936048,False
2023-11-09,4891.6,0.0,0.0,4891.6,0.0,0.0,0.0,4891.6,Smith's Bar,Sutter Home,490.2752810936048,False
2023-11-10,4891.6,0.0,0.0,4891.6,0.0,0.0,0.0,4891.6,Smith's Bar,Sutter Home,490.2752810936048,False
2023-11-11,4891.6,514.22,0.0,4377.38,0.0,0.0,0.0,4377.38,Smith's Bar,Sutter Home,490.2752810936048,False
2023-11-12,4377.38,0.0,0.0,4377.38,0.0,0.0,0.0,4377.38,Smith's Bar,Sutter Home,490.2752810936048,False
2023-11-13,4377.38,0.0,0.0,4377.38,0.0,0.0,0.0,4377.38,Smith's Bar,Sutter Home,490.2752810936048,False
2023-11-14,4377.38,324.09,0.0,4053.29,0.0,0.0,0.0,4053.29,Smith's Bar,Sutter Home,490.2752810936048,False
2023-11-15,4053.29,0.0,0.0,4053.29,0.0,0.0,0.0,4053.29,Smith's Bar,Sutter Home,490.2752810936048,False
2023-11-16,4053.29,0.0,0.0,4053.29,0.0,0.0,0.0,4053.29,Smith's Bar,Sutter Home,490.2752810936048,False
2023-11-17,4053.29,447.45,0.0,3605.84,0.0,0.0,0.0,3605.84,Smith's Bar,Sutter Home,490.2752810936048,False
2023-11-18,3605.84,0.0,0.0,3605.84,0.0,0.0,0.0,3605.84,Smith's Bar,Sutter Home,490.2752810936048,False
2023-11-19,3605.84,124.61,0.0,3481.23,0.0,0.0,0.0,3481.23,Smith's Bar,Sutter Home,490.2752810936048,False
2023-11-20,3481.23,0.0,0.0,3481.23,0.0,0.0,0.0,3481.23,Smith's Bar,Sutter Home,490.2752810936048,False
2023-11-21,3481.23,0.0,0.0,3481.23,0.0,0.0,0.0,3481.23,Smith's Bar,Sutter Home,490.2752810936048,False
2023-11-22,3481.23,0.0,0.0,3481.23,0.0,0.0,0.0,3481.23,Smith's Bar,Sutter Home,490.2752810936048,False
2023-11-23,3481.23,0.0,0.0,3481.23,0.0,0.0,0.0,3481.23,Smith's Bar,Sutter Home,490.2752810936048,False
2023-11-24,3481.23,0.0,0.0,3481.23,0.0,0.0,0.0,3481.23,Smith's Bar,Sutter Home,490.2752810936048,False
2023-11-25,3481.23,156.68,0.0,3324.55,0.0,0.0,0.0,3324.55,Smith's Bar,Sutter Home,490.2752810936048,False
2023-11-26,3324.55,0.0,0.0,3324.55,0.0,0.0,0.0,3324.55,Smith's Bar,Sutter Home,490.2752810936048,False
2023-11-27,3324.55,502.32,0.0,2822.23,0.0,0.0,0.0,2822.23,Smith's Bar,Sutter Home,490.2752810936048,False
2023-11-28,2822.23,0.0,0.0,2822.23,0.0,0.0,0.0,2822.23,Smith's Bar,Sutter Home,490.2752810936048,False
2023-11-29,2822.23,0.0,0.0,2822.23,0.0,0.0,0.0,2822.23,Smith's Bar,Sutter Home,490.2752810936048,False
2023-11-30,2822.23,0.0,0.0,2822.23,0.0,0.0,0.0,2822.23,Smith's Bar,Sutter Home,490.2752810936048,False
2023-12-01,2822.23,0.0,0.0,2822.23,0.0,0.0,0.0,2822.23,Smith's Bar,Sutter Home,490.2752810936048,False
2023-12-02,2822.23,185.34,0.0,2636.89,0.0,0.0,0.0,2636.89,Smith's Bar,Sutter Home,490.2752810936048,False
2023-12-03,2636.89,0.0,0.0,2636.89,0.0,0.0,0.0,2636.89,Smith's Bar,Sutter Home,490.2752810936048,False
2023-12-04,2636.89,0.0,0.0,2636.89,0.0,0.0,0.0,2636.89,Smith's Bar,Sutter Home,490.2752810936048,False
2023-12-05,2636.89,0.0,0.0,2636.89,0.0,0.0,0.0,2636.89,Smith's Bar,Sutter Home,490.2752810936048,False
2023-12-06,2636.89,0.0,0.0,2636.89,0.0,0.0,0.0,2636.89,Smith's Bar,Sutter Home,490.2752810936048,False
2023-12-07,2636.89,0.0,0.0,2636.89,0.0,0.0,0.0,2636.89,Smith's Bar,Sutter Home,490.2752810936048,False
2023-12-08,2636.89,0.0,0.0,2636.89,0.0,0.0,0.0,2636.89,Smith's Bar,Sutter Home,490.2752810936048,False
2023-12-09,2636.89,0.0,0.0,2636.89,0.0,0.0,0.0,2636.89,Smith's Bar,Sutter Home,490.2752810936048,False
2023-12-10,2636.89,0.0,0.0,2636.89,0.0,0.0,0.0,2636.89,Smith's Bar,Sutter Home,490.2752810936048,False
2023-12-11,2636.89,0.0,0.0,2636.89,0.0,0.0,0.0,2636.89,Smith's Bar,Sutter Home,490.2752810936048,False
2023-12-12,2636.89,117.73,0.0,2519.16,0.0,0.0,0.0,2519.16,Smith's Bar,Sutter Home,490.2752810936048,False
2023-12-13,2519.16,0.0,0.0,2519.16,0.0,0.0,0.0,2519.16,Smith's Bar,Sutter Home,490.2752810936048,False
2023-12-14,2519.16,427.24,0.0,2091.92,0.0,0.0,0.0,2091.92,Smith's Bar,Sutter Home,490.2752810936048,False
2023-12-15,2091.92,0.0,0.0,2091.92,0.0,0.0,0.0,2091.92,Smith's Bar,Sutter Home,490.2752810936048,False
2023-12-16,2091.92,0.0,0.0,2091.92,0.0,0.0,0.0,2091.92,Smith's Bar,Sutter Home,490.2752810936048,False
2023-12-17,2091.92,0.0,0.0,2091.92,0.0,0.0,0.0,2091.92,Smith's Bar,Sutter Home,490.2752810936048,False
2023-12-18,2091.92,258.03,0.0,1833.89,0.0,0.0,0.0,1833.89,Smith's Bar,Sutter Home,490.2752810936048,False
2023-12-19,1833.89,0.0,0.0,1833.89,0.0,0.0,0.0,1833.89,Smith's Bar,Sutter Home,490.2752810936048,False
2023-12-20,1833.89,393.74,0.0,1440.15,0.0,0.0,0.0,1440.15,Smith's Bar,Sutter Home,490.2752810936048,False
2023-12-21,1440.15,0.0,0.0,1440.15,0.0,0.0,0.0,1440.15,Smith's Bar,Sutter Home,490.2752810936048,False
2023-12-22,1440.15,0.0,0.0,1440.15,0.0,0.0,0.0,1440.15,Smith's Bar,Sutter Home,490.2752810936048,False
2023-12-23,1440.15,0.0,0.0,1440.15,0.0,0.0,0.0,1440.15,Smith's Bar,Sutter Home,490.2752810936048,False
2023-12-24,1440.15,264.54,0.0,1175.6100000000001,0.0,0.0,0.0,1175.6100000000001,Smith's Bar,Sutter Home,490.2752810936048,False
2023-12-25,1175.6100000000001,0.0,0.0,1175.6100000000001,0.0,0.0,0.0,1175.6100000000001,Smith's Bar,Sutter Home,490.2752810936048,False
2023-12-26,1175.6100000000001,0.0,0.0,1175.6100000000001,0.0,0.0,0.0,1175.6100000000001,Smith's Bar,Sutter Home,490.2752810936048,False
2023-12-27,1175.6100000000001,270.09,0.0,905.5200000000002,0.0,0.0,0.0,905.5200000000002,Smith's Bar,Sutter Home,490.2752810936048,False
2023-12-28,905.5200000000002,0.0,0.0,905.5200000000002,0.0,0.0,0.0,905.5200000000002,Smith's Bar,Sutter Home,490.2752810936048,False
2023-12-29,905.5200000000002,0.0,0.0,905.5200000000002,0.0,0.0,0.0,905.5200000000002,Smith's Bar,Sutter Home,490.2752810936048,False
2023-12-30,905.5200000000002,0.0,0.0,905.5200000000002,0.0,0.0,0.0,905.5200000000002,Smith's Bar,Sutter Home,490.2752810936048,False
2023-12-31,905.5200000000002,0.0,0.0,905.5200000000002,0.0,0.0,0.0,905.5200000000002,Smith's Bar,Sutter Home,490.2752810936048,False
2024-01-01,905.5200000000002,0.0,0.0,905.5200000000002,0.0,0.0,0.0,905.5200000000002,Smith's Bar,Sutter Home,490.2752810936048,False
2023-10-20,1051.69,449.39,0.0,602.3000000000001,0.0,0.0,0.0,602.3000000000001,Taylor's Bar,Absolut,450.97727816708846,False
2023-10-21,602.3000000000001,0.0,0.0,602.3000000000001,0.0,0.0,0.0,602.3000000000001,Taylor's Bar,Absolut,450.97727816708846,False
2023-10-22,602.3000000000001,0.0,0.0,602.3000000000001,0.0,0.0,0.0,602.3000000000001,Taylor's Bar,Absolut,450.97727816708846,False
2023-10-23,602.3000000000001,0.0,0.0,602.3000000000001,0.0,0.0,0.0,602.3000000000001,Taylor's Bar,Absolut,450.97727816708846,False
2023-10-24,602.3000000000001,0.0,0.0,602.3000000000001,0.0,0.0,0.0,602.3000000000001,Taylor's Bar,Absolut,450.97727816708846,False
2023-10-25,602.3000000000001,0.0,0.0,602.3000000000001,0.0,0.0,0.0,602.3000000000001,Taylor's Bar,Absolut,450.97727816708846,False
2023-10-26,602.3000000000001,0.0,0.0,602.3000000000001,0.0,0.0,0.0,602.3000000000001,Taylor's Bar,Absolut,450.97727816708846,False
2023-10-27,602.3000000000001,0.0,0.0,602.3000000000001,0.0,0.0,0.0,602.3000000000001,Taylor's Bar,Absolut,450.97727816708846,False
2023-10-28,602.3000000000001,0.0,0.0,602.3000000000001,0.0,0.0,0.0,602.3000000000001,Taylor's Bar,Absolut,450.97727816708846,False
2023-10-29,602.3000000000001,0.0,0.0,602.3000000000001,0.0,0.0,0.0,602.3000000000001,Taylor's Bar,Absolut,450.97727816708846,False
2023-10-30,602.3000000000001,0.0,0.0,602.3000000000001,0.0,0.0,0.0,602.3000000000001,Taylor's Bar,Absolut,450.97727816708846,False
2023-10-31,602.3000000000001,0.0,0.0,602.3000000000001,0.0,0.0,0.0,602.3000000000001,Taylor's Bar,Absolut,450.97727816708846,False
2023-11-01,602.3000000000001,0.0,0.0,602.3000000000001,0.0,0.0,0.0,602.3000000000001,Taylor's Bar,Absolut,450.97727816708846,False
2023-11-02,602.3000000000001,0.0,0.0,602.3000000000001,0.0,0.0,0.0,602.3000000000001,Taylor's Bar,Absolut,450.97727816708846,False
2023-11-03,602.3000000000001,0.0,0.0,602.3000000000001,0.0,0.0,0.0,602.3000000000001,Taylor's Bar,Absolut,450.97727816708846,False
2023-11-04,602.3000000000001,0.0,0.0,602.3000000000001,0.0,0.0,0.0,602.3000000000001,Taylor's Bar,Absolut,450.97727816708846,False
2023-11-05,602.3000000000001,357.97,0.0,244.33000000000004,0.0,206.64727816708842,0.0,244.33000000000004,Taylor's Bar,Absolut,450.97727816708846,False
2023-11-06,244.33000000000004,150.6,0.0,93.73000000000005,0.0,150.60000000000002,206.64727816708842,300.37727816708843,Taylor's Bar,Absolut,450.97727816708846,False
2023-11-07,300.37727816708843,574.59,206.64727816708842,0.0,274.2127218329116,300.37727816708843,150.60000000000002,150.60000000000002,Taylor's Bar,Absolut,450.97727816708846,True
2023-11-08,150.60000000000002,0.0,150.60000000000002,150.60000000000002,0.0,0.0,300.37727816708843,450.97727816708846,Taylor's Bar,Absolut,450.97727816708846,False
2023-11-09,450.97727816708846,0.0,300.37727816708843,450.97727816708846,0.0,0.0,0.0,450.97727816708846,Taylor's Bar,Absolut,450.97727816708846,False
2023-11-10,450.97727816708846,0.0,0.0,450.97727816708846,0.0,0.0,0.0,450.97727816708846,Taylor's Bar,Absolut,450.97727816708846,False
2023-11-11,450.97727816708846,0.0,0.0,450.97727816708846,0.0,0.0,0.0,450.97727816708846,Taylor's Bar,Absolut,450.97727816708846,False
2023-11-12,450.97727816708846,0.0,0.0,450.97727816708846,0.0,0.0,0.0,450.97727816708846,Taylor's Bar,Absolut,450.97727816708846,False
2023-11-13,450.97727816708846,0.0,0.0,450.97727816708846,0.0,0.0,0.0,450.97727816708846,Taylor's Bar,Absolut,450.97727816708846,False
2023-11-14,450.97727816708846,0.0,0.0,450.97727816708846,0.0,0.0,0.0,450.97727816708846,Taylor's Bar,Absolut,450.97727816708846,False
2023-11-15,450.97727816708846,0.0,0.0,450.97727816708846,0.0,0.0,0.0,450.97727816708846,Taylor's Bar,Absolut,450.97727816708846,False
2023-11-16,450.97727816708846,0.0,0.0,450.97727816708846,0.0,0.0,0.0,450.97727816708846,Taylor's Bar,Absolut,450.97727816708846,False
2023-11-17,450.97727816708846,0.0,0.0,450.97727816708846,0.0,0.0,0.0,450.97727816708846,Taylor's Bar,Absolut,450.97727816708846,False
2023-11-18,450.97727816708846,0.0,0.0,450.97727816708846,0.0,0.0,0.0,450.97727816708846,Taylor's Bar,Absolut,450.97727816708846,False
2023-11-19,450.97727816708846,0.0,0.0,450.97727816708846,0.0,0.0,0.0,450.97727816708846,Taylor's Bar,Absolut,450.97727816708846,False
2023-11-20,450.97727816708846,0.0,0.0,450.97727816708846,0.0,0.0,0.0,450.97727816708846,Taylor's Bar,Absolut,450.97727816708846,False
2023-11-21,450.97727816708846,0.0,0.0,450.97727816708846,0.0,0.0,0.0,450.97727816708846,Taylor's Bar,Absolut,450.97727816708846,False
2023-11-22,450.97727816708846,0.0,0.0,450.97727816708846,0.0,0.0,0.0,450.97727816708846,Taylor's Bar,Absolut,450.97727816708846,False
2023-11-23,450.97727816708846,0.0,0.0,450.97727816708846,0.0,0.0,0.0,450.97727816708846,Taylor's Bar,Absolut,450.97727816708846,False
2023-11-24,450.97727816708846,0.0,0.0,450.97727816708846,0.0,0.0,0.0,450.97727816708846,Taylor's Bar,Absolut,450.97727816708846,False
2023-11-25,450.97727816708846,0.0,0.0,450.97727816708846,0.0,0.0,0.0,450.97727816708846,Taylor's Bar,Absolut,450.97727816708846,False
2023-11-26,450.97727816708846,0.0,0.0,450.97727816708846,0.0,0.0,0.0,450.97727816708846,Taylor's Bar,Absolut,450.97727816708846,False
2023-11-27,450.97727816708846,550.87,0.0,0.0,99.89272183291155,450.97727816708846,0.0,0.0,Taylor's Bar,Absolut,450.97727816708846,True
2023-11-28,0.0,0.0,0.0,0.0,0.0,0.0,450.97727816708846,450.97727816708846,Taylor's Bar,Absolut,450.97727816708846,True
2023-11-29,450.97727816708846,106.32,450.97727816708846,344.65727816708846,0.0,106.32,0.0,344.65727816708846,Taylor's Bar,Absolut,450.97727816708846,False
2023-11-30,344.65727816708846,0.0,0.0,344.65727816708846,0.0,0.0,106.32,450.97727816708846,Taylor's Bar,Absolut,450.97727816708846,False
2023-12-01,450.97727816708846,0.0,106.32,450.97727816708846,0.0,0.0,0.0,450.97727816708846,Taylor's Bar,Absolut,450.97727816708846,False
2023-12-02,450.97727816708846,0.0,0.0,450.97727816708846,0.0,0.0,0.0,450.97727816708846,Taylor's Bar,Absolut,450.97727816708846,False
2023-12-03,450.97727816708846,0.0,0.0,450.97727816708846,0.0,0.0,0.0,450.97727816708846,Taylor's Bar,Absolut,450.97727816708846,False
2023-12-04,450.97727816708846,0.0,0.0,450.97727816708846,0.0,0.0,0.0,450.97727816708846,Taylor's Bar,Absolut,450.97727816708846,False
2023-12-05,450.97727816708846,0.0,0.0,450.97727816708846,0.0,0.0,0.0,450.97727816708846,Taylor's Bar,Absolut,450.97727816708846,False
2023-12-06,450.97727816708846,0.0,0.0,450.97727816708846,0.0,0.0,0.0,450.97727816708846,Taylor's Bar,Absolut,450.97727816708846,False
2023-12-07,450.97727816708846,0.0,0.0,450.97727816708846,0.0,0.0,0.0,450.97727816708846,Taylor's Bar,Absolut,450.97727816708846,False
2023-12-08,450.97727816708846,0.0,0.0,450.97727816708846,0.0,0.0,0.0,450.97727816708846,Taylor's Bar,Absolut,450.97727816708846,False
2023-12-09,450.97727816708846,0.0,0.0,450.97727816708846,0.0,0.0,0.0,450.97727816708846,Taylor's Bar,Absolut,450.97727816708846,False
2023-12-10,450.97727816708846,0.0,0.0,450.97727816708846,0.0,0.0,0.0,450.97727816708846,Taylor's Bar,Absolut,450.97727816708846,False
2023-12-11,450.97727816708846,0.0,0.0,450.97727816708846,0.0,0.0,0.0,450.97727816708846,Taylor's Bar,Absolut,450.97727816708846,False
2023-12-12,450.97727816708846,0.0,0.0,450.97727816708846,0.0,0.0,0.0,450.97727816708846,Taylor's Bar,Absolut,450.97727816708846,False
2023-12-13,450.97727816708846,0.0,0.0,450.97727816708846,0.0,0.0,0.0,450.97727816708846,Taylor's Bar,Absolut,450.97727816708846,False
2023-12-14,450.97727816708846,0.0,0.0,450.97727816708846,0.0,0.0,0.0,450.97727816708846,Taylor's Bar,Absolut,450.97727816708846,False
2023-12-15,450.97727816708846,700.57,0.0,0.0,249.5927218329116,450.97727816708846,0.0,0.0,Taylor's Bar,Absolut,450.97727816708846,True
2023-12-16,0.0,0.0,0.0,0.0,0.0,0.0,450.97727816708846,450.97727816708846,Taylor's Bar,Absolut,450.97727816708846,True
2023-12-17,450.97727816708846,0.0,450.97727816708846,450.97727816708846,0.0,0.0,0.0,450.97727816708846,Taylor's Bar,Absolut,450.97727816708846,False
2023-12-18,450.97727816708846,0.0,0.0,450.97727816708846,0.0,0.0,0.0,450.97727816708846,Taylor's Bar,Absolut,450.97727816708846,False
2023-12-19,450.97727816708846,0.0,0.0,450.97727816708846,0.0,0.0,0.0,450.97727816708846,Taylor's Bar,Absolut,450.97727816708846,False
2023-12-20,450.97727816708846,0.0,0.0,450.97727816708846,0.0,0.0,0.0,450.97727816708846,Taylor's Bar,Absolut,450.97727816708846,False
2023-12-21,450.97727816708846,0.0,0.0,450.97727816708846,0.0,0.0,0.0,450.97727816708846,Taylor's Bar,Absolut,450.97727816708846,False
2023-12-22,450.97727816708846,258.11,0.0,192.86727816708844,0.0,258.11,0.0,192.86727816708844,Taylor's Bar,Absolut,450.97727816708846,False
2023-12-23,192.86727816708844,0.0,0.0,192.86727816708844,0.0,0.0,258.11,450.97727816708846,Taylor's Bar,Absolut,450.97727816708846,False
2023-12-24,450.97727816708846,0.0,258.11,450.97727816708846,0.0,0.0,0.0,450.97727816708846,Taylor's Bar,Absolut,450.97727816708846,False
2023-12-25,450.97727816708846,0.0,0.0,450.97727816708846,0.0,0.0,0.0,450.97727816708846,Taylor's Bar,Absolut,450.97727816708846,False
2023-12-26,450.97727816708846,0.0,0.0,450.97727816708846,0.0,0.0,0.0,450.97727816708846,Taylor's Bar,Absolut,450.97727816708846,False
2023-12-27,450.97727816708846,361.78,0.0,89.19727816708848,0.0,361.78,0.0,89.19727816708848,Taylor's Bar,Absolut,450.97727816708846,False
2023-12-28,89.19727816708848,0.0,0.0,89.19727816708848,0.0,0.0,361.78,450.97727816708846,Taylor's Bar,Absolut,450.97727816708846,False
2023-12-29,450.97727816708846,0.0,361.78,450.97727816708846,0.0,0.0,0.0,450.97727816708846,Taylor's Bar,Absolut,450.97727816708846,False
2023-12-30,450.97727816708846,0.0,0.0,450.97727816708846,0.0,0.0,0.0,450.97727816708846,Taylor's Bar,Absolut,450.97727816708846,False
2023-12-31,450.97727816708846,323.84,0.0,127.13727816708848,0.0,323.84,0.0,127.13727816708848,Taylor's Bar,Absolut,450.97727816708846,False
2024-01-01,127.13727816708848,0.0,0.0,127.13727816708848,0.0,0.0,323.84,450.97727816708846,Taylor's Bar,Absolut,450.97727816708846,False
2023-10-20,1057.59,292.2,0.0,765.3899999999999,0.0,0.0,0.0,765.3899999999999,Taylor's Bar,Bacardi,418.9904415841054,False
2023-10-21,765.3899999999999,0.0,0.0,765.3899999999999,0.0,0.0,0.0,765.3899999999999,Taylor's Bar,Bacardi,418.9904415841054,False
2023-10-22,765.3899999999999,765.39,0.0,0.0,1.1368683772161603e-13,418.9904415841054,0.0,0.0,Taylor's Bar,Bacardi,418.9904415841054,True
2023-10-23,0.0,0.0,0.0,0.0,0.0,0.0,418.9904415841054,418.9904415841054,Taylor's Bar,Bacardi,418.9904415841054,True
2023-10-24,418.9904415841054,0.0,418.9904415841054,418.9904415841054,0.0,0.0,0.0,418.9904415841054,Taylor's Bar,Bacardi,418.9904415841054,False
2023-10-25,418.9904415841054,0.0,0.0,418.9904415841054,0.0,0.0,0.0,418.9904415841054,Taylor's Bar,Bacardi,418.9904415841054,False
2023-10-26,418.9904415841054,0.0,0.0,418.9904415841054,0.0,0.0,0.0,418.9904415841054,Taylor's Bar,Bacardi,418.9904415841054,False
2023-10-27,418.9904415841054,0.0,0.0,418.9904415841054,0.0,0.0,0.0,418.9904415841054,Taylor's Bar,Bacardi,418.9904415841054,False
2023-10-28,418.9904415841054,0.0,0.0,418.9904415841054,0.0,0.0,0.0,418.9904415841054,Taylor's Bar,Bacardi,418.9904415841054,False
2023-10-29,418.9904415841054,0.0,0.0,418.9904415841054,0.0,0.0,0.0,418.9904415841054,Taylor's Bar,Bacardi,418.9904415841054,False
2023-10-30,418.9904415841054,0.0,0.0,418.9904415841054,0.0,0.0,0.0,418.9904415841054,Taylor's Bar,Bacardi,418.9904415841054,False
2023-10-31,418.9904415841054,0.0,0.0,418.9904415841054,0.0,0.0,0.0,418.9904415841054,Taylor's Bar,Bacardi,418.9904415841054,False
2023-11-01,418.9904415841054,0.0,0.0,418.9904415841054,0.0,0.0,0.0,418.9904415841054,Taylor's Bar,Bacardi,418.9904415841054,False
2023-11-02,418.9904415841054,0.0,0.0,418.9904415841054,0.0,0.0,0.0,418.9904415841054,Taylor's Bar,Bacardi,418.9904415841054,False
2023-11-03,418.9904415841054,0.0,0.0,418.9904415841054,0.0,0.0,0.0,418.9904415841054,Taylor's Bar,Bacardi,418.9904415841054,False
2023-11-04,418.9904415841054,0.0,0.0,418.9904415841054,0.0,0.0,0.0,418.9904415841054,Taylor's Bar,Bacardi,418.9904415841054,False
2023-11-05,418.9904415841054,0.0,0.0,418.9904415841054,0.0,0.0,0.0,418.9904415841054,Taylor's Bar,Bacardi,418.9904415841054,False
2023-11-06,418.9904415841054,0.0,0.0,418.9904415841054,0.0,0.0,0.0,418.9904415841054,Taylor's Bar,Bacardi,418.9904415841054,False
2023-11-07,418.9904415841054,0.0,0.0,418.9904415841054,0.0,0.0,0.0,418.9904415841054,Taylor's Bar,Bacardi,418.9904415841054,False
2023-11-08,418.9904415841054,0.0,0.0,418.9904415841054,0.0,0.0,0.0,418.9904415841054,Taylor's Bar,Bacardi,418.9904415841054,False
2023-11-09,418.9904415841054,0.0,0.0,418.9904415841054,0.0,0.0,0.0,418.9904415841054,Taylor's Bar,Bacardi,418.9904415841054,False
2023-11-10,418.9904415841054,0.0,0.0,418.9904415841054,0.0,0.0,0.0,418.9904415841054,Taylor's Bar,Bacardi,418.9904415841054,False
2023-11-11,418.9904415841054,0.0,0.0,418.9904415841054,0.0,0.0,0.0,418.9904415841054,Taylor's Bar,Bacardi,418.9904415841054,False
2023-11-12,418.9904415841054,0.0,0.0,418.9904415841054,0.0,0.0,0.0,418.9904415841054,Taylor's Bar,Bacardi,418.9904415841054,False
2023-11-13,418.9904415841054,0.0,0.0,418.9904415841054,0.0,0.0,0.0,418.9904415841054,Taylor's Bar,Bacardi,418.9904415841054,False
2023-11-14,418.9904415841054,0.0,0.0,418.9904415841054,0.0,0.0,0.0,418.9904415841054,Taylor's Bar,Bacardi,418.9904415841054,False
2023-11-15,418.9904415841054,0.0,0.0,418.9904415841054,0.0,0.0,0.0,418.9904415841054,Taylor's Bar,Bacardi,418.9904415841054,False
2023-11-16,418.9904415841054,0.0,0.0,418.9904415841054,0.0,0.0,0.0,418.9904415841054,Taylor's Bar,Bacardi,418.9904415841054,False
2023-11-17,418.9904415841054,0.0,0.0,418.9904415841054,0.0,0.0,0.0,418.9904415841054,Taylor's Bar,Bacardi,418.9904415841054,False
2023-11-18,418.9904415841054,0.0,0.0,418.9904415841054,0.0,0.0,0.0,418.9904415841054,Taylor's Bar,Bacardi,418.9904415841054,False
2023-11-19,418.9904415841054,0.0,0.0,418.9904415841054,0.0,0.0,0.0,418.9904415841054,Taylor's Bar,Bacardi,418.9904415841054,False
2023-11-20,418.9904415841054,0.0,0.0,418.9904415841054,0.0,0.0,0.0,418.9904415841054,Taylor's Bar,Bacardi,418.9904415841054,False
2023-11-21,418.9904415841054,0.0,0.0,418.9904415841054,0.0,0.0,0.0,418.9904415841054,Taylor's Bar,Bacardi,418.9904415841054,False
2023-11-22,418.9904415841054,0.0,0.0,418.9904415841054,0.0,0.0,0.0,418.9904415841054,Taylor's Bar,Bacardi,418.9904415841054,False
2023-11-23,418.9904415841054,0.0,0.0,418.9904415841054,0.0,0.0,0.0,418.9904415841054,Taylor's Bar,Bacardi,418.9904415841054,False
2023-11-24,418.9904415841054,0.0,0.0,418.9904415841054,0.0,0.0,0.0,418.9904415841054,Taylor's Bar,Bacardi,418.9904415841054,False
2023-11-25,418.9904415841054,0.0,0.0,418.9904415841054,0.0,0.0,0.0,418.9904415841054,Taylor's Bar,Bacardi,418.9904415841054,False
2023-11-26,418.9904415841054,0.0,0.0,418.9904415841054,0.0,0.0,0.0,418.9904415841054,Taylor's Bar,Bacardi,418.9904415841054,False
2023-11-27,418.9904415841054,0.0,0.0,418.9904415841054,0.0,0.0,0.0,418.9904415841054,Taylor's Bar,Bacardi,418.9904415841054,False
2023-11-28,418.9904415841054,0.0,0.0,418.9904415841054,0.0,0.0,0.0,418.9904415841054,Taylor's Bar,Bacardi,418.9904415841054,False
2023-11-29,418.9904415841054,0.0,0.0,418.9904415841054,0.0,0.0,0.0,418.9904415841054,Taylor's Bar,Bacardi,418.9904415841054,False
2023-11-30,418.9904415841054,0.0,0.0,418.9904415841054,0.0,0.0,0.0,418.9904415841054,Taylor's Bar,Bacardi,418.9904415841054,False
2023-12-01,418.9904415841054,0.0,0.0,418.9904415841054,0.0,0.0,0.0,418.9904415841054,Taylor's Bar,Bacardi,418.9904415841054,False
2023-12-02,418.9904415841054,0.0,0.0,418.9904415841054,0.0,0.0,0.0,418.9904415841054,Taylor's Bar,Bacardi,418.9904415841054,False
2023-12-03,418.9904415841054,0.0,0.0,418.9904415841054,0.0,0.0,0.0,418.9904415841054,Taylor's Bar,Bacardi,418.9904415841054,False
2023-12-04,418.9904415841054,0.0,0.0,418.9904415841054,0.0,0.0,0.0,418.9904415841054,Taylor's Bar,Bacardi,418.9904415841054,False
2023-12-05,418.9904415841054,0.0,0.0,418.9904415841054,0.0,0.0,0.0,418.9904415841054,Taylor's Bar,Bacardi,418.9904415841054,False
2023-12-06,418.9904415841054,0.0,0.0,418.9904415841054,0.0,0.0,0.0,418.9904415841054,Taylor's Bar,Bacardi,418.9904415841054,False
2023-12-07,418.9904415841054,0.0,0.0,418.9904415841054,0.0,0.0,0.0,418.9904415841054,Taylor's Bar,Bacardi,418.9904415841054,False
2023-12-08,418.9904415841054,0.0,0.0,418.9904415841054,0.0,0.0,0.0,418.9904415841054,Taylor's Bar,Bacardi,418.9904415841054,False
2023-12-09,418.9904415841054,0.0,0.0,418.9904415841054,0.0,0.0,0.0,418.9904415841054,Taylor's Bar,Bacardi,418.9904415841054,False
2023-12-10,418.9904415841054,0.0,0.0,418.9904415841054,0.0,0.0,0.0,418.9904415841054,Taylor's Bar,Bacardi,418.9904415841054,False
2023-12-11,418.9904415841054,599.77,0.0,0.0,180.7795584158946,418.9904415841054,0.0,0.0,Taylor's Bar,Bacardi,418.9904415841054,True
2023-12-12,0.0,571.46,0.0,0.0,571.46,0.0,418.9904415841054,418.9904415841054,Taylor's Bar,Bacardi,418.9904415841054,True
2023-12-13,418.9904415841054,0.0,418.9904415841054,418.9904415841054,0.0,0.0,0.0,418.9904415841054,Taylor's Bar,Bacardi,418.9904415841054,False
2023-12-14,418.9904415841054,0.0,0.0,418.9904415841054,0.0,0.0,0.0,418.9904415841054,Taylor's Bar,Bacardi,418.9904415841054,False
2023-12-15,418.9904415841054,0.0,0.0,418.9904415841054,0.0,0.0,0.0,418.9904415841054,Taylor's Bar,Bacardi,418.9904415841054,False
2023-12-16,418.9904415841054,0.0,0.0,418.9904415841054,0.0,0.0,0.0,418.9904415841054,Taylor's Bar,Bacardi,418.9904415841054,False
2023-12-17,418.9904415841054,0.0,0.0,418.9904415841054,0.0,0.0,0.0,418.9904415841054,Taylor's Bar,Bacardi,418.9904415841054,False
2023-12-18,418.9904415841054,0.0,0.0,418.9904415841054,0.0,0.0,0.0,418.9904415841054,Taylor's Bar,Bacardi,418.9904415841054,False
2023-12-19,418.9904415841054,0.0,0.0,418.9904415841054,0.0,0.0,0.0,418.9904415841054,Taylor's Bar,Bacardi,418.9904415841054,False
2023-12-20,418.9904415841054,0.0,0.0,418.9904415841054,0.0,0.0,0.0,418.9904415841054,Taylor's Bar,Bacardi,418.9904415841054,False
2023-12-21,418.9904415841054,0.0,0.0,418.9904415841054,0.0,0.0,0.0,418.9904415841054,Taylor's Bar,Bacardi,418.9904415841054,False
2023-12-22,418.9904415841054,0.0,0.0,418.9904415841054,0.0,0.0,0.0,418.9904415841054,Taylor's Bar,Bacardi,418.9904415841054,False
2023-12-23,418.9904415841054,0.0,0.0,418.9904415841054,0.0,0.0,0.0,418.9904415841054,Taylor's Bar,Bacardi,418.9904415841054,False
2023-12-24,418.9904415841054,0.0,0.0,418.9904415841054,0.0,0.0,0.0,418.9904415841054,Taylor's Bar,Bacardi,418.9904415841054,False
2023-12-25,418.9904415841054,0.0,0.0,418.9904415841054,0.0,0.0,0.0,418.9904415841054,Taylor's Bar,Bacardi,418.9904415841054,False
2023-12-26,418.9904415841054,0.0,0.0,418.9904415841054,0.0,0.0,0.0,418.9904415841054,Taylor's Bar,Bacardi,418.9904415841054,False
2023-12-27,418.9904415841054,0.0,0.0,418.9904415841054,0.0,0.0,0.0,418.9904415841054,Taylor's Bar,Bacardi,418.9904415841054,False
2023-12-28,418.9904415841054,0.0,0.0,418.9904415841054,0.0,0.0,0.0,418.9904415841054,Taylor's Bar,Bacardi,418.9904415841054,False
2023-12-29,418.9904415841054,0.0,0.0,418.9904415841054,0.0,0.0,0.0,418.9904415841054,Taylor's Bar,Bacardi,418.9904415841054,False
2023-12-30,418.9904415841054,0.0,0.0,418.9904415841054,0.0,0.0,0.0,418.9904415841054,Taylor's Bar,Bacardi,418.9904415841054,False
2023-12-31,418.9904415841054,0.0,0.0,418.9904415841054,0.0,0.0,0.0,418.9904415841054,Taylor's Bar,Bacardi,418.9904415841054,False
2024-01-01,418.9904415841054,0.0,0.0,418.9904415841054,0.0,0.0,0.0,418.9904415841054,Taylor's Bar,Bacardi,418.9904415841054,False
2023-10-20,2882.6,107.93,0.0,2774.67,0.0,0.0,0.0,2774.67,Taylor's Bar,Jim Beam,557.6371280587886,False
2023-10-21,2774.67,0.0,0.0,2774.67,0.0,0.0,0.0,2774.67,Taylor's Bar,Jim Beam,557.6371280587886,False
2023-10-22,2774.67,0.0,0.0,2774.67,0.0,0.0,0.0,2774.67,Taylor's Bar,Jim Beam,557.6371280587886,False
2023-10-23,2774.67,0.0,0.0,2774.67,0.0,0.0,0.0,2774.67,Taylor's Bar,Jim Beam,557.6371280587886,False
2023-10-24,2774.67,0.0,0.0,2774.67,0.0,0.0,0.0,2774.67,Taylor's Bar,Jim Beam,557.6371280587886,False
2023-10-25,2774.67,0.0,0.0,2774.67,0.0,0.0,0.0,2774.67,Taylor's Bar,Jim Beam,557.6371280587886,False
2023-10-26,2774.67,0.0,0.0,2774.67,0.0,0.0,0.0,2774.67,Taylor's Bar,Jim Beam,557.6371280587886,False
2023-10-27,2774.67,0.0,0.0,2774.67,0.0,0.0,0.0,2774.67,Taylor's Bar,Jim Beam,557.6371280587886,False
2023-10-28,2774.67,0.0,0.0,2774.67,0.0,0.0,0.0,2774.67,Taylor's Bar,Jim Beam,557.6371280587886,False
2023-10-29,2774.67,0.0,0.0,2774.67,0.0,0.0,0.0,2774.67,Taylor's Bar,Jim Beam,557.6371280587886,False
2023-10-30,2774.67,0.0,0.0,2774.67,0.0,0.0,0.0,2774.67,Taylor's Bar,Jim Beam,557.6371280587886,False
2023-10-31,2774.67,0.0,0.0,2774.67,0.0,0.0,0.0,2774.67,Taylor's Bar,Jim Beam,557.6371280587886,False
2023-11-01,2774.67,0.0,0.0,2774.67,0.0,0.0,0.0,2774.67,Taylor's Bar,Jim Beam,557.6371280587886,False
2023-11-02,2774.67,409.44,0.0,2365.23,0.0,0.0,0.0,2365.23,Taylor's Bar,Jim Beam,557.6371280587886,False
2023-11-03,2365.23,0.0,0.0,2365.23,0.0,0.0,0.0,2365.23,Taylor's Bar,Jim Beam,557.6371280587886,False
2023-11-04,2365.23,0.0,0.0,2365.23,0.0,0.0,0.0,2365.23,Taylor's Bar,Jim Beam,557.6371280587886,False
2023-11-05,2365.23,0.0,0.0,2365.23,0.0,0.0,0.0,2365.23,Taylor's Bar,Jim Beam,557.6371280587886,False
2023-11-06,2365.23,0.0,0.0,2365.23,0.0,0.0,0.0,2365.23,Taylor's Bar,Jim Beam,557.6371280587886,False
2023-11-07,2365.23,502.53,0.0,1862.7,0.0,0.0,0.0,1862.7,Taylor's Bar,Jim Beam,557.6371280587886,False
2023-11-08,1862.7,246.41,0.0,1616.29,0.0,0.0,0.0,1616.29,Taylor's Bar,Jim Beam,557.6371280587886,False
2023-11-09,1616.29,0.0,0.0,1616.29,0.0,0.0,0.0,1616.29,Taylor's Bar,Jim Beam,557.6371280587886,False
2023-11-10,1616.29,0.0,0.0,1616.29,0.0,0.0,0.0,1616.29,Taylor's Bar,Jim Beam,557.6371280587886,False
2023-11-11,1616.29,0.0,0.0,1616.29,0.0,0.0,0.0,1616.29,Taylor's Bar,Jim Beam,557.6371280587886,False
2023-11-12,1616.29,587.72,0.0,1028.57,0.0,0.0,0.0,1028.57,Taylor's Bar,Jim Beam,557.6371280587886,False
2023-11-13,1028.57,0.0,0.0,1028.57,0.0,0.0,0.0,1028.57,Taylor's Bar,Jim Beam,557.6371280587886,False
2023-11-14,1028.57,0.0,0.0,1028.57,0.0,0.0,0.0,1028.57,Taylor's Bar,Jim Beam,557.6371280587886,False
2023-11-15,1028.57,0.0,0.0,1028.57,0.0,0.0,0.0,1028.57,Taylor's Bar,Jim Beam,557.6371280587886,False
2023-11-16,1028.57,187.59,0.0,840.9799999999999,0.0,0.0,0.0,840.9799999999999,Taylor's Bar,Jim Beam,557.6371280587886,False
2023-11-17,840.9799999999999,0.0,0.0,840.9799999999999,0.0,0.0,0.0,840.9799999999999,Taylor's Bar,Jim Beam,557.6371280587886,False
2023-11-18,840.9799999999999,0.0,0.0,840.9799999999999,0.0,0.0,0.0,840.9799999999999,Taylor's Bar,Jim Beam,557.6371280587886,False
2023-11-19,840.9799999999999,0.0,0.0,840.9799999999999,0.0,0.0,0.0,840.9799999999999,Taylor's Bar,Jim Beam,557.6371280587886,False
2023-11-20,840.9799999999999,181.11,0.0,659.8699999999999,0.0,0.0,0.0,659.8699999999999,Taylor's Bar,Jim Beam,557.6371280587886,False
2023-11-21,659.8699999999999,0.0,0.0,659.8699999999999,0.0,0.0,0.0,659.8699999999999,Taylor's Bar,Jim Beam,557.6371280587886,False
2023-11-22,659.8699999999999,0.0,0.0,659.8699999999999,0.0,0.0,0.0,659.8699999999999,Taylor's Bar,Jim Beam,557.6371280587886,False
2023-11-23,659.8699999999999,0.0,0.0,659.8699999999999,0.0,0.0,0.0,659.8699999999999,Taylor's Bar,Jim Beam,557.6371280587886,False
2023-11-24,659.8699999999999,0.0,0.0,659.8699999999999,0.0,0.0,0.0,659.8699999999999,Taylor's Bar,Jim Beam,557.6371280587886,False
2023-11-25,659.8699999999999,0.0,0.0,659.8699999999999,0.0,0.0,0.0,659.8699999999999,Taylor's Bar,Jim Beam,557.6371280587886,False
2023-11-26,659.8699999999999,0.0,0.0,659.8699999999999,0.0,0.0,0.0,659.8699999999999,Taylor's Bar,Jim Beam,557.6371280587886,False
2023-11-27,659.8699999999999,0.0,0.0,659.8699999999999,0.0,0.0,0.0,659.8699999999999,Taylor's Bar,Jim Beam,557.6371280587886,False
2023-11-28,659.8699999999999,0.0,0.0,659.8699999999999,0.0,0.0,0.0,659.8699999999999,Taylor's Bar,Jim Beam,557.6371280587886,False
2023-11-29,659.8699999999999,0.0,0.0,659.8699999999999,0.0,0.0,0.0,659.8699999999999,Taylor's Bar,Jim Beam,557.6371280587886,False
2023-11-30,659.8699999999999,0.0,0.0,659.8699999999999,0.0,0.0,0.0,659.8699999999999,Taylor's Bar,Jim Beam,557.6371280587886,False
2023-12-01,659.8699999999999,0.0,0.0,659.8699999999999,0.0,0.0,0.0,659.8699999999999,Taylor's Bar,Jim Beam,557.6371280587886,False
2023-12-02,659.8699999999999,0.0,0.0,659.8699999999999,0.0,0.0,0.0,659.8699999999999,Taylor's Bar,Jim Beam,557.6371280587886,False
2023-12-03,659.8699999999999,952.32,0.0,0.0,292.45000000000016,557.6371280587886,0.0,0.0,Taylor's Bar,Jim Beam,557.6371280587886,True
2023-12-04,0.0,542.69,0.0,0.0,542.69,0.0,557.6371280587886,557.6371280587886,Taylor's Bar,Jim Beam,557.6371280587886,True
2023-12-05,557.6371280587886,0.0,557.6371280587886,557.6371280587886,0.0,0.0,0.0,557.6371280587886,Taylor's Bar,Jim Beam,557.6371280587886,False
2023-12-06,557.6371280587886,0.0,0.0,557.6371280587886,0.0,0.0,0.0,557.6371280587886,Taylor's Bar,Jim Beam,557.6371280587886,False
2023-12-07,557.6371280587886,0.0,0.0,557.6371280587886,0.0,0.0,0.0,557.6371280587886,Taylor's Bar,Jim Beam,557.6371280587886,False
2023-12-08,557.6371280587886,532.39,0.0,25.247128058788576,0.0,532.39,0.0,25.247128058788576,Taylor's Bar,Jim Beam,557.6371280587886,False
2023-12-09,25.247128058788576,0.0,0.0,25.247128058788576,0.0,0.0,532.39,557.6371280587886,Taylor's Bar,Jim Beam,557.6371280587886,False
2023-12-10,557.6371280587886,0.0,532.39,557.6371280587886,0.0,0.0,0.0,557.6371280587886,Taylor's Bar,Jim Beam,557.6371280587886,False
2023-12-11,557.6371280587886,0.0,0.0,557.6371280587886,0.0,0.0,0.0,557.6371280587886,Taylor's Bar,Jim Beam,557.6371280587886,False
2023-12-12,557.6371280587886,341.12,0.0,216.51712805878856,0.0,341.12,0.0,216.51712805878856,Taylor's Bar,Jim Beam,557.6371280587886,False
2023-12-13,216.51712805878856,522.56,0.0,0.0,306.0428719412114,216.51712805878856,341.12,341.12,Taylor's Bar,Jim Beam,557.6371280587886,True
2023-12-14,341.12,0.0,341.12,341.12,0.0,0.0,216.51712805878856,557.6371280587886,Taylor's Bar,Jim Beam,557.6371280587886,False
2023-12-15,557.6371280587886,0.0,216.51712805878856,557.6371280587886,0.0,0.0,0.0,557.6371280587886,Taylor's Bar,Jim Beam,557.6371280587886,False
2023-12-16,557.6371280587886,0.0,0.0,557.6371280587886,0.0,0.0,0.0,557.6371280587886,Taylor's Bar,Jim Beam,557.6371280587886,False
2023-12-17,557.6371280587886,0.0,0.0,557.6371280587886,0.0,0.0,0.0,557.6371280587886,Taylor's Bar,Jim Beam,557.6371280587886,False
2023-12-18,557.6371280587886,0.0,0.0,557.6371280587886,0.0,0.0,0.0,557.6371280587886,Taylor's Bar,Jim Beam,557.6371280587886,False
2023-12-19,557.6371280587886,0.0,0.0,557.6371280587886,0.0,0.0,0.0,557.6371280587886,Taylor's Bar,Jim Beam,557.6371280587886,False
2023-12-20,557.6371280587886,107.29,0.0,450.34712805878854,0.0,107.29000000000002,0.0,450.34712805878854,Taylor's Bar,Jim Beam,557.6371280587886,False
2023-12-21,450.34712805878854,0.0,0.0,450.34712805878854,0.0,0.0,107.29000000000002,557.6371280587886,Taylor's Bar,Jim Beam,557.6371280587886,False
2023-12-22,557.6371280587886,337.62,107.29000000000002,220.01712805878856,0.0,337.62,0.0,220.01712805878856,Taylor's Bar,Jim Beam,557.6371280587886,False
2023-12-23,220.01712805878856,0.0,0.0,220.01712805878856,0.0,0.0,337.62,557.6371280587886,Taylor's Bar,Jim Beam,557.6371280587886,False
2023-12-24,557.6371280587886,0.0,337.62,557.6371280587886,0.0,0.0,0.0,557.6371280587886,Taylor's Bar,Jim Beam,557.6371280587886,False
2023-12-25,557.6371280587886,0.0,0.0,557.6371280587886,0.0,0.0,0.0,557.6371280587886,Taylor's Bar,Jim Beam,557.6371280587886,False
2023-12-26,557.6371280587886,0.0,0.0,557.6371280587886,0.0,0.0,0.0,557.6371280587886,Taylor's Bar,Jim Beam,557.6371280587886,False
2023-12-27,557.6371280587886,0.0,0.0,557.6371280587886,0.0,0.0,0.0,557.6371280587886,Taylor's Bar,Jim Beam,557.6371280587886,False
2023-12-28,557.6371280587886,0.0,0.0,557.6371280587886,0.0,0.0,0.0,557.6371280587886,Taylor's Bar,Jim Beam,557.6371280587886,False
2023-12-29,557.6371280587886,358.99,0.0,198.64712805878855,0.0,358.99,0.0,198.64712805878855,Taylor's Bar,Jim Beam,557.6371280587886,False
2023-12-30,198.64712805878855,0.0,0.0,198.64712805878855,0.0,0.0,358.99,557.6371280587886,Taylor's Bar,Jim Beam,557.6371280587886,False
2023-12-31,557.6371280587886,349.75,358.99,207.88712805878856,0.0,349.75,0.0,207.88712805878856,Taylor's Bar,Jim Beam,557.6371280587886,False
2024-01-01,207.88712805878856,253.33,0.0,0.0,45.44287194121145,207.88712805878856,349.75,349.75,Taylor's Bar,Jim Beam,557.6371280587886,True
2023-10-20,442.62,577.87,0.0,0.0,135.25,493.76105603334497,0.0,0.0,Taylor's Bar,Sutter Home,493.76105603334497,True
2023-10-21,0.0,0.0,0.0,0.0,0.0,0.0,493.76105603334497,493.76105603334497,Taylor's Bar,Sutter Home,493.76105603334497,True
2023-10-22,493.76105603334497,0.0,493.76105603334497,493.76105603334497,0.0,0.0,0.0,493.76105603334497,Taylor's Bar,Sutter Home,493.76105603334497,False
2023-10-23,493.76105603334497,0.0,0.0,493.76105603334497,0.0,0.0,0.0,493.76105603334497,Taylor's Bar,Sutter Home,493.76105603334497,False
2023-10-24,493.76105603334497,0.0,0.0,493.76105603334497,0.0,0.0,0.0,493.76105603334497,Taylor's Bar,Sutter Home,493.76105603334497,False
2023-10-25,493.76105603334497,0.0,0.0,493.76105603334497,0.0,0.0,0.0,493.76105603334497,Taylor's Bar,Sutter Home,493.76105603334497,False
2023-10-26,493.76105603334497,0.0,0.0,493.76105603334497,0.0,0.0,0.0,493.76105603334497,Taylor's Bar,Sutter Home,493.76105603334497,False
2023-10-27,493.76105603334497,0.0,0.0,493.76105603334497,0.0,0.0,0.0,493.76105603334497,Taylor's Bar,Sutter Home,493.76105603334497,False
2023-10-28,493.76105603334497,0.0,0.0,493.76105603334497,0.0,0.0,0.0,493.76105603334497,Taylor's Bar,Sutter Home,493.76105603334497,False
2023-10-29,493.76105603334497,0.0,0.0,493.76105603334497,0.0,0.0,0.0,493.76105603334497,Taylor's Bar,Sutter Home,493.76105603334497,False
2023-10-30,493.76105603334497,0.0,0.0,493.76105603334497,0.0,0.0,0.0,493.76105603334497,Taylor's Bar,Sutter Home,493.76105603334497,False
2023-10-31,493.76105603334497,0.0,0.0,493.76105603334497,0.0,0.0,0.0,493.76105603334497,Taylor's Bar,Sutter Home,493.76105603334497,False
2023-11-01,493.76105603334497,0.0,0.0,493.76105603334497,0.0,0.0,0.0,493.76105603334497,Taylor's Bar,Sutter Home,493.76105603334497,False
2023-11-02,493.76105603334497,0.0,0.0,493.76105603334497,0.0,0.0,0.0,493.76105603334497,Taylor's Bar,Sutter Home,493.76105603334497,False
2023-11-03,493.76105603334497,182.55,0.0,311.21105603334496,0.0,182.55,0.0,311.21105603334496,Taylor's Bar,Sutter Home,493.76105603334497,False
2023-11-04,311.21105603334496,0.0,0.0,311.21105603334496,0.0,0.0,182.55,493.76105603334497,Taylor's Bar,Sutter Home,493.76105603334497,False
2023-11-05,493.76105603334497,0.0,182.55,493.76105603334497,0.0,0.0,0.0,493.76105603334497,Taylor's Bar,Sutter Home,493.76105603334497,False
2023-11-06,493.76105603334497,0.0,0.0,493.76105603334497,0.0,0.0,0.0,493.76105603334497,Taylor's Bar,Sutter Home,493.76105603334497,False
2023-11-07,493.76105603334497,146.4,0.0,347.361056033345,0.0,146.39999999999998,0.0,347.361056033345,Taylor's Bar,Sutter Home,493.76105603334497,False
2023-11-08,347.361056033345,354.76,0.0,0.0,7.398943966654997,347.361056033345,146.39999999999998,146.39999999999998,Taylor's Bar,Sutter Home,493.76105603334497,True
2023-11-09,146.39999999999998,0.0,146.39999999999998,146.39999999999998,0.0,0.0,347.361056033345,493.76105603334497,Taylor's Bar,Sutter Home,493.76105603334497,False
2023-11-10,493.76105603334497,0.0,347.361056033345,493.76105603334497,0.0,0.0,0.0,493.76105603334497,Taylor's Bar,Sutter Home,493.76105603334497,False
2023-11-11,493.76105603334497,541.66,0.0,0.0,47.898943966655,493.76105603334497,0.0,0.0,Taylor's Bar,Sutter Home,493.76105603334497,True
2023-11-12,0.0,0.0,0.0,0.0,0.0,0.0,493.76105603334497,493.76105603334497,Taylor's Bar,Sutter Home,493.76105603334497,True
2023-11-13,493.76105603334497,461.56,493.76105603334497,32.20105603334497,0.0,461.56,0.0,32.20105603334497,Taylor's Bar,Sutter Home,493.76105603334497,False
2023-11-14,32.20105603334497,0.0,0.0,32.20105603334497,0.0,0.0,461.56,493.76105603334497,Taylor's Bar,Sutter Home,493.76105603334497,False
2023-11-15,493.76105603334497,0.0,461.56,493.76105603334497,0.0,0.0,0.0,493.76105603334497,Taylor's Bar,Sutter Home,493.76105603334497,False
2023-11-16,493.76105603334497,569.46,0.0,0.0,75.69894396665507,493.76105603334497,0.0,0.0,Taylor's Bar,Sutter Home,493.76105603334497,True
2023-11-17,0.0,0.0,0.0,0.0,0.0,0.0,493.76105603334497,493.76105603334497,Taylor's Bar,Sutter Home,493.76105603334497,True
2023-11-18,493.76105603334497,0.0,493.76105603334497,493.76105603334497,0.0,0.0,0.0,493.76105603334497,Taylor's Bar,Sutter Home,493.76105603334497,False
2023-11-19,493.76105603334497,0.0,0.0,493.76105603334497,0.0,0.0,0.0,493.76105603334497,Taylor's Bar,Sutter Home,493.76105603334497,False
2023-11-20,493.76105603334497,0.0,0.0,493.76105603334497,0.0,0.0,0.0,493.76105603334497,Taylor's Bar,Sutter Home,493.76105603334497,False
2023-11-21,493.76105603334497,0.0,0.0,493.76105603334497,0.0,0.0,0.0,493.76105603334497,Taylor's Bar,Sutter Home,493.76105603334497,False
2023-11-22,493.76105603334497,0.0,0.0,493.76105603334497,0.0,0.0,0.0,493.76105603334497,Taylor's Bar,Sutter Home,493.76105603334497,False
2023-11-23,493.76105603334497,0.0,0.0,493.76105603334497,0.0,0.0,0.0,493.76105603334497,Taylor's Bar,Sutter Home,493.76105603334497,False
2023-11-24,493.76105603334497,0.0,0.0,493.76105603334497,0.0,0.0,0.0,493.76105603334497,Taylor's Bar,Sutter Home,493.76105603334497,False
2023-11-25,493.76105603334497,0.0,0.0,493.76105603334497,0.0,0.0,0.0,493.76105603334497,Taylor's Bar,Sutter Home,493.76105603334497,False
2023-11-26,493.76105603334497,0.0,0.0,493.76105603334497,0.0,0.0,0.0,493.76105603334497,Taylor's Bar,Sutter Home,493.76105603334497,False
2023-11-27,493.76105603334497,0.0,0.0,493.76105603334497,0.0,0.0,0.0,493.76105603334497,Taylor's Bar,Sutter Home,493.76105603334497,False
2023-11-28,493.76105603334497,0.0,0.0,493.76105603334497,0.0,0.0,0.0,493.76105603334497,Taylor's Bar,Sutter Home,493.76105603334497,False
2023-11-29,493.76105603334497,0.0,0.0,493.76105603334497,0.0,0.0,0.0,493.76105603334497,Taylor's Bar,Sutter Home,493.76105603334497,False
2023-11-30,493.76105603334497,0.0,0.0,493.76105603334497,0.0,0.0,0.0,493.76105603334497,Taylor's Bar,Sutter Home,493.76105603334497,False
2023-12-01,493.76105603334497,0.0,0.0,493.76105603334497,0.0,0.0,0.0,493.76105603334497,Taylor's Bar,Sutter Home,493.76105603334497,False
2023-12-02,493.76105603334497,0.0,0.0,493.76105603334497,0.0,0.0,0.0,493.76105603334497,Taylor's Bar,Sutter Home,493.76105603334497,False
2023-12-03,493.76105603334497,0.0,0.0,493.76105603334497,0.0,0.0,0.0,493.76105603334497,Taylor's Bar,Sutter Home,493.76105603334497,False
2023-12-04,493.76105603334497,402.25,0.0,91.51105603334497,0.0,402.25,0.0,91.51105603334497,Taylor's Bar,Sutter Home,493.76105603334497,False
2023-12-05,91.51105603334497,0.0,0.0,91.51105603334497,0.0,0.0,402.25,493.76105603334497,Taylor's Bar,Sutter Home,493.76105603334497,False
2023-12-06,493.76105603334497,0.0,402.25,493.76105603334497,0.0,0.0,0.0,493.76105603334497,Taylor's Bar,Sutter Home,493.76105603334497,False
2023-12-07,493.76105603334497,483.36,0.0,10.401056033344958,0.0,483.36,0.0,10.401056033344958,Taylor's Bar,Sutter Home,493.76105603334497,False
2023-12-08,10.401056033344958,0.0,0.0,10.401056033344958,0.0,0.0,483.36,493.76105603334497,Taylor's Bar,Sutter Home,493.76105603334497,False
2023-12-09,493.76105603334497,0.0,483.36,493.76105603334497,0.0,0.0,0.0,493.76105603334497,Taylor's Bar,Sutter Home,493.76105603334497,False
2023-12-10,493.76105603334497,186.02,0.0,307.741056033345,0.0,186.01999999999998,0.0,307.741056033345,Taylor's Bar,Sutter Home,493.76105603334497,False
2023-12-11,307.741056033345,0.0,0.0,307.741056033345,0.0,0.0,186.01999999999998,493.76105603334497,Taylor's Bar,Sutter Home,493.76105603334497,False
2023-12-12,493.76105603334497,0.0,186.01999999999998,493.76105603334497,0.0,0.0,0.0,493.76105603334497,Taylor's Bar,Sutter Home,493.76105603334497,False
2023-12-13,493.76105603334497,0.0,0.0,493.76105603334497,0.0,0.0,0.0,493.76105603334497,Taylor's Bar,Sutter Home,493.76105603334497,False
2023-12-14,493.76105603334497,0.0,0.0,493.76105603334497,0.0,0.0,0.0,493.76105603334497,Taylor's Bar,Sutter Home,493.76105603334497,False
2023-12-15,493.76105603334497,1126.0,0.0,0.0,632.238943966655,493.76105603334497,0.0,0.0,Taylor's Bar,Sutter Home,493.76105603334497,True
2023-12-16,0.0,98.72,0.0,0.0,98.72,0.0,493.76105603334497,493.76105603334497,Taylor's Bar,Sutter Home,493.76105603334497,True
2023-12-17,493.76105603334497,0.0,493.76105603334497,493.76105603334497,0.0,0.0,0.0,493.76105603334497,Taylor's Bar,Sutter Home,493.76105603334497,False
2023-12-18,493.76105603334497,0.0,0.0,493.76105603334497,0.0,0.0,0.0,493.76105603334497,Taylor's Bar,Sutter Home,493.76105603334497,False
2023-12-19,493.76105603334497,0.0,0.0,493.76105603334497,0.0,0.0,0.0,493.76105603334497,Taylor's Bar,Sutter Home,493.76105603334497,False
2023-12-20,493.76105603334497,0.0,0.0,493.76105603334497,0.0,0.0,0.0,493.76105603334497,Taylor's Bar,Sutter Home,493.76105603334497,False
2023-12-21,493.76105603334497,0.0,0.0,493.76105603334497,0.0,0.0,0.0,493.76105603334497,Taylor's Bar,Sutter Home,493.76105603334497,False
2023-12-22,493.76105603334497,0.0,0.0,493.76105603334497,0.0,0.0,0.0,493.76105603334497,Taylor's Bar,Sutter Home,493.76105603334497,False
2023-12-23,493.76105603334497,0.0,0.0,493.76105603334497,0.0,0.0,0.0,493.76105603334497,Taylor's Bar,Sutter Home,493.76105603334497,False
2023-12-24,493.76105603334497,0.0,0.0,493.76105603334497,0.0,0.0,0.0,493.76105603334497,Taylor's Bar,Sutter Home,493.76105603334497,False
2023-12-25,493.76105603334497,0.0,0.0,493.76105603334497,0.0,0.0,0.0,493.76105603334497,Taylor's Bar,Sutter Home,493.76105603334497,False
2023-12-26,493.76105603334497,0.0,0.0,493.76105603334497,0.0,0.0,0.0,493.76105603334497,Taylor's Bar,Sutter Home,493.76105603334497,False
2023-12-27,493.76105603334497,0.0,0.0,493.76105603334497,0.0,0.0,0.0,493.76105603334497,Taylor's Bar,Sutter Home,493.76105603334497,False
2023-12-28,493.76105603334497,0.0,0.0,493.76105603334497,0.0,0.0,0.0,493.76105603334497,Taylor's Bar,Sutter Home,493.76105603334497,False
2023-12-29,493.76105603334497,0.0,0.0,493.76105603334497,0.0,0.0,0.0,493.76105603334497,Taylor's Bar,Sutter Home,493.76105603334497,False
2023-12-30,493.76105603334497,0.0,0.0,493.76105603334497,0.0,0.0,0.0,493.76105603334497,Taylor's Bar,Sutter Home,493.76105603334497,False
2023-12-31,493.76105603334497,0.0,0.0,493.76105603334497,0.0,0.0,0.0,493.76105603334497,Taylor's Bar,Sutter Home,493.76105603334497,False
2024-01-01,493.76105603334497,0.0,0.0,493.76105603334497,0.0,0.0,0.0,493.76105603334497,Taylor's Bar,Sutter Home,493.76105603334497,False
2023-10-20,914.68,173.5,0.0,741.18,0.0,0.0,0.0,741.18,Thomas's Bar,Absolut,368.66665475589485,False
2023-10-21,741.18,0.0,0.0,741.18,0.0,0.0,0.0,741.18,Thomas's Bar,Absolut,368.66665475589485,False
2023-10-22,741.18,0.0,0.0,741.18,0.0,0.0,0.0,741.18,Thomas's Bar,Absolut,368.66665475589485,False
2023-10-23,741.18,248.73,0.0,492.44999999999993,0.0,0.0,0.0,492.44999999999993,Thomas's Bar,Absolut,368.66665475589485,False
2023-10-24,492.44999999999993,0.0,0.0,492.44999999999993,0.0,0.0,0.0,492.44999999999993,Thomas's Bar,Absolut,368.66665475589485,False
2023-10-25,492.44999999999993,464.48,0.0,27.969999999999914,0.0,340.69665475589494,0.0,27.969999999999914,Thomas's Bar,Absolut,368.66665475589485,False
2023-10-26,27.969999999999914,0.0,0.0,27.969999999999914,0.0,0.0,340.69665475589494,368.66665475589485,Thomas's Bar,Absolut,368.66665475589485,False
2023-10-27,368.66665475589485,164.75,340.69665475589494,203.91665475589485,0.0,164.75,0.0,203.91665475589485,Thomas's Bar,Absolut,368.66665475589485,False
2023-10-28,203.91665475589485,0.0,0.0,203.91665475589485,0.0,0.0,164.75,368.66665475589485,Thomas's Bar,Absolut,368.66665475589485,False
2023-10-29,368.66665475589485,267.39,164.75,101.27665475589487,0.0,267.39,0.0,101.27665475589487,Thomas's Bar,Absolut,368.66665475589485,False
2023-10-30,101.27665475589487,0.0,0.0,101.27665475589487,0.0,0.0,267.39,368.66665475589485,Thomas's Bar,Absolut,368.66665475589485,False
2023-10-31,368.66665475589485,0.0,267.39,368.66665475589485,0.0,0.0,0.0,368.66665475589485,Thomas's Bar,Absolut,368.66665475589485,False
2023-11-01,368.66665475589485,0.0,0.0,368.66665475589485,0.0,0.0,0.0,368.66665475589485,Thomas's Bar,Absolut,368.66665475589485,False
2023-11-02,368.66665475589485,0.0,0.0,368.66665475589485,0.0,0.0,0.0,368.66665475589485,Thomas's Bar,Absolut,368.66665475589485,False
2023-11-03,368.66665475589485,143.27,0.0,225.39665475589484,0.0,143.27,0.0,225.39665475589484,Thomas's Bar,Absolut,368.66665475589485,False
2023-11-04,225.39665475589484,0.0,0.0,225.39665475589484,0.0,0.0,143.27,368.66665475589485,Thomas's Bar,Absolut,368.66665475589485,False
2023-11-05,368.66665475589485,182.15,143.27,186.51665475589485,0.0,182.15,0.0,186.51665475589485,Thomas's Bar,Absolut,368.66665475589485,False
2023-11-06,186.51665475589485,0.0,0.0,186.51665475589485,0.0,0.0,182.15,368.66665475589485,Thomas's Bar,Absolut,368.66665475589485,False
2023-11-07,368.66665475589485,0.0,182.15,368.66665475589485,0.0,0.0,0.0,368.66665475589485,Thomas's Bar,Absolut,368.66665475589485,False
2023-11-08,368.66665475589485,0.0,0.0,368.66665475589485,0.0,0.0,0.0,368.66665475589485,Thomas's Bar,Absolut,368.66665475589485,False
2023-11-09,368.66665475589485,0.0,0.0,368.66665475589485,0.0,0.0,0.0,368.66665475589485,Thomas's Bar,Absolut,368.66665475589485,False
2023-11-10,368.66665475589485,359.51,0.0,9.156654755894863,0.0,359.51,0.0,9.156654755894863,Thomas's Bar,Absolut,368.66665475589485,False
2023-11-11,9.156654755894863,0.0,0.0,9.156654755894863,0.0,0.0,359.51,368.66665475589485,Thomas's Bar,Absolut,368.66665475589485,False
2023-11-12,368.66665475589485,0.0,359.51,368.66665475589485,0.0,0.0,0.0,368.66665475589485,Thomas's Bar,Absolut,368.66665475589485,False
2023-11-13,368.66665475589485,0.0,0.0,368.66665475589485,0.0,0.0,0.0,368.66665475589485,Thomas's Bar,Absolut,368.66665475589485,False
2023-11-14,368.66665475589485,0.0,0.0,368.66665475589485,0.0,0.0,0.0,368.66665475589485,Thomas's Bar,Absolut,368.66665475589485,False
2023-11-15,368.66665475589485,0.0,0.0,368.66665475589485,0.0,0.0,0.0,368.66665475589485,Thomas's Bar,Absolut,368.66665475589485,False
2023-11-16,368.66665475589485,0.0,0.0,368.66665475589485,0.0,0.0,0.0,368.66665475589485,Thomas's Bar,Absolut,368.66665475589485,False
2023-11-17,368.66665475589485,0.0,0.0,368.66665475589485,0.0,0.0,0.0,368.66665475589485,Thomas's Bar,Absolut,368.66665475589485,False
2023-11-18,368.66665475589485,0.0,0.0,368.66665475589485,0.0,0.0,0.0,368.66665475589485,Thomas's Bar,Absolut,368.66665475589485,False
2023-11-19,368.66665475589485,0.0,0.0,368.66665475589485,0.0,0.0,0.0,368.66665475589485,Thomas's Bar,Absolut,368.66665475589485,False
2023-11-20,368.66665475589485,0.0,0.0,368.66665475589485,0.0,0.0,0.0,368.66665475589485,Thomas's Bar,Absolut,368.66665475589485,False
2023-11-21,368.66665475589485,0.0,0.0,368.66665475589485,0.0,0.0,0.0,368.66665475589485,Thomas's Bar,Absolut,368.66665475589485,False
2023-11-22,368.66665475589485,0.0,0.0,368.66665475589485,0.0,0.0,0.0,368.66665475589485,Thomas's Bar,Absolut,368.66665475589485,False
2023-11-23,368.66665475589485,0.0,0.0,368.66665475589485,0.0,0.0,0.0,368.66665475589485,Thomas's Bar,Absolut,368.66665475589485,False
2023-11-24,368.66665475589485,0.0,0.0,368.66665475589485,0.0,0.0,0.0,368.66665475589485,Thomas's Bar,Absolut,368.66665475589485,False
2023-11-25,368.66665475589485,0.0,0.0,368.66665475589485,0.0,0.0,0.0,368.66665475589485,Thomas's Bar,Absolut,368.66665475589485,False
2023-11-26,368.66665475589485,496.83,0.0,0.0,128.16334524410513,368.66665475589485,0.0,0.0,Thomas's Bar,Absolut,368.66665475589485,True
2023-11-27,0.0,0.0,0.0,0.0,0.0,0.0,368.66665475589485,368.66665475589485,Thomas's Bar,Absolut,368.66665475589485,True
2023-11-28,368.66665475589485,0.0,368.66665475589485,368.66665475589485,0.0,0.0,0.0,368.66665475589485,Thomas's Bar,Absolut,368.66665475589485,False
2023-11-29,368.66665475589485,0.0,0.0,368.66665475589485,0.0,0.0,0.0,368.66665475589485,Thomas's Bar,Absolut,368.66665475589485,False
2023-11-30,368.66665475589485,0.0,0.0,368.66665475589485,0.0,0.0,0.0,368.66665475589485,Thomas's Bar,Absolut,368.66665475589485,False
2023-12-01,368.66665475589485,0.0,0.0,368.66665475589485,0.0,0.0,0.0,368.66665475589485,Thomas's Bar,Absolut,368.66665475589485,False
2023-12-02,368.66665475589485,0.0,0.0,368.66665475589485,0.0,0.0,0.0,368.66665475589485,Thomas's Bar,Absolut,368.66665475589485,False
2023-12-03,368.66665475589485,0.0,0.0,368.66665475589485,0.0,0.0,0.0,368.66665475589485,Thomas's Bar,Absolut,368.66665475589485,False
2023-12-04,368.66665475589485,0.0,0.0,368.66665475589485,0.0,0.0,0.0,368.66665475589485,Thomas's Bar,Absolut,368.66665475589485,False
2023-12-05,368.66665475589485,0.0,0.0,368.66665475589485,0.0,0.0,0.0,368.66665475589485,Thomas's Bar,Absolut,368.66665475589485,False
2023-12-06,368.66665475589485,354.39,0.0,14.276654755894867,0.0,354.39,0.0,14.276654755894867,Thomas's Bar,Absolut,368.66665475589485,False
2023-12-07,14.276654755894867,0.0,0.0,14.276654755894867,0.0,0.0,354.39,368.66665475589485,Thomas's Bar,Absolut,368.66665475589485,False
2023-12-08,368.66665475589485,0.0,354.39,368.66665475589485,0.0,0.0,0.0,368.66665475589485,Thomas's Bar,Absolut,368.66665475589485,False
2023-12-09,368.66665475589485,0.0,0.0,368.66665475589485,0.0,0.0,0.0,368.66665475589485,Thomas's Bar,Absolut,368.66665475589485,False
2023-12-10,368.66665475589485,473.61,0.0,0.0,104.94334524410516,368.66665475589485,0.0,0.0,Thomas's Bar,Absolut,368.66665475589485,True
2023-12-11,0.0,0.0,0.0,0.0,0.0,0.0,368.66665475589485,368.66665475589485,Thomas's Bar,Absolut,368.66665475589485,True
2023-12-12,368.66665475589485,0.0,368.66665475589485,368.66665475589485,0.0,0.0,0.0,368.66665475589485,Thomas's Bar,Absolut,368.66665475589485,False
2023-12-13,368.66665475589485,0.0,0.0,368.66665475589485,0.0,0.0,0.0,368.66665475589485,Thomas's Bar,Absolut,368.66665475589485,False
2023-12-14,368.66665475589485,0.0,0.0,368.66665475589485,0.0,0.0,0.0,368.66665475589485,Thomas's Bar,Absolut,368.66665475589485,False
2023-12-15,368.66665475589485,0.0,0.0,368.66665475589485,0.0,0.0,0.0,368.66665475589485,Thomas's Bar,Absolut,368.66665475589485,False
2023-12-16,368.66665475589485,0.0,0.0,368.66665475589485,0.0,0.0,0.0,368.66665475589485,Thomas's Bar,Absolut,368.66665475589485,False
2023-12-17,368.66665475589485,0.0,0.0,368.66665475589485,0.0,0.0,0.0,368.66665475589485,Thomas's Bar,Absolut,368.66665475589485,False
2023-12-18,368.66665475589485,0.0,0.0,368.66665475589485,0.0,0.0,0.0,368.66665475589485,Thomas's Bar,Absolut,368.66665475589485,False
2023-12-19,368.66665475589485,0.0,0.0,368.66665475589485,0.0,0.0,0.0,368.66665475589485,Thomas's Bar,Absolut,368.66665475589485,False
2023-12-20,368.66665475589485,0.0,0.0,368.66665475589485,0.0,0.0,0.0,368.66665475589485,Thomas's Bar,Absolut,368.66665475589485,False
2023-12-21,368.66665475589485,0.0,0.0,368.66665475589485,0.0,0.0,0.0,368.66665475589485,Thomas's Bar,Absolut,368.66665475589485,False
2023-12-22,368.66665475589485,0.0,0.0,368.66665475589485,0.0,0.0,0.0,368.66665475589485,Thomas's Bar,Absolut,368.66665475589485,False
2023-12-23,368.66665475589485,0.0,0.0,368.66665475589485,0.0,0.0,0.0,368.66665475589485,Thomas's Bar,Absolut,368.66665475589485,False
2023-12-24,368.66665475589485,119.85,0.0,248.81665475589486,0.0,119.85,0.0,248.81665475589486,Thomas's Bar,Absolut,368.66665475589485,False
2023-12-25,248.81665475589486,0.0,0.0,248.81665475589486,0.0,0.0,119.85,368.66665475589485,Thomas's Bar,Absolut,368.66665475589485,False
2023-12-26,368.66665475589485,0.0,119.85,368.66665475589485,0.0,0.0,0.0,368.66665475589485,Thomas's Bar,Absolut,368.66665475589485,False
2023-12-27,368.66665475589485,0.0,0.0,368.66665475589485,0.0,0.0,0.0,368.66665475589485,Thomas's Bar,Absolut,368.66665475589485,False
2023-12-28,368.66665475589485,0.0,0.0,368.66665475589485,0.0,0.0,0.0,368.66665475589485,Thomas's Bar,Absolut,368.66665475589485,False
2023-12-29,368.66665475589485,0.0,0.0,368.66665475589485,0.0,0.0,0.0,368.66665475589485,Thomas's Bar,Absolut,368.66665475589485,False
2023-12-30,368.66665475589485,0.0,0.0,368.66665475589485,0.0,0.0,0.0,368.66665475589485,Thomas's Bar,Absolut,368.66665475589485,False
2023-12-31,368.66665475589485,0.0,0.0,368.66665475589485,0.0,0.0,0.0,368.66665475589485,Thomas's Bar,Absolut,368.66665475589485,False
2024-01-01,368.66665475589485,128.52,0.0,240.14665475589484,0.0,128.52,0.0,240.14665475589484,Thomas's Bar,Absolut,368.66665475589485,False
2023-10-20,4319.76,384.22,0.0,3935.54,0.0,0.0,0.0,3935.54,Thomas's Bar,Bacardi,577.5333938195593,False
2023-10-21,3935.54,0.0,0.0,3935.54,0.0,0.0,0.0,3935.54,Thomas's Bar,Bacardi,577.5333938195593,False
2023-10-22,3935.54,0.0,0.0,3935.54,0.0,0.0,0.0,3935.54,Thomas's Bar,Bacardi,577.5333938195593,False
2023-10-23,3935.54,0.0,0.0,3935.54,0.0,0.0,0.0,3935.54,Thomas's Bar,Bacardi,577.5333938195593,False
2023-10-24,3935.54,0.0,0.0,3935.54,0.0,0.0,0.0,3935.54,Thomas's Bar,Bacardi,577.5333938195593,False
2023-10-25,3935.54,0.0,0.0,3935.54,0.0,0.0,0.0,3935.54,Thomas's Bar,Bacardi,577.5333938195593,False
2023-10-26,3935.54,459.85,0.0,3475.69,0.0,0.0,0.0,3475.69,Thomas's Bar,Bacardi,577.5333938195593,False
2023-10-27,3475.69,202.98,0.0,3272.71,0.0,0.0,0.0,3272.71,Thomas's Bar,Bacardi,577.5333938195593,False
2023-10-28,3272.71,0.0,0.0,3272.71,0.0,0.0,0.0,3272.71,Thomas's Bar,Bacardi,577.5333938195593,False
2023-10-29,3272.71,0.0,0.0,3272.71,0.0,0.0,0.0,3272.71,Thomas's Bar,Bacardi,577.5333938195593,False
2023-10-30,3272.71,402.49,0.0,2870.2200000000003,0.0,0.0,0.0,2870.2200000000003,Thomas's Bar,Bacardi,577.5333938195593,False
2023-10-31,2870.2200000000003,0.0,0.0,2870.2200000000003,0.0,0.0,0.0,2870.2200000000003,Thomas's Bar,Bacardi,577.5333938195593,False
2023-11-01,2870.2200000000003,0.0,0.0,2870.2200000000003,0.0,0.0,0.0,2870.2200000000003,Thomas's Bar,Bacardi,577.5333938195593,False
2023-11-02,2870.2200000000003,0.0,0.0,2870.2200000000003,0.0,0.0,0.0,2870.2200000000003,Thomas's Bar,Bacardi,577.5333938195593,False
2023-11-03,2870.2200000000003,503.07,0.0,2367.15,0.0,0.0,0.0,2367.15,Thomas's Bar,Bacardi,577.5333938195593,False
2023-11-04,2367.15,174.34,0.0,2192.81,0.0,0.0,0.0,2192.81,Thomas's Bar,Bacardi,577.5333938195593,False
2023-11-05,2192.81,0.0,0.0,2192.81,0.0,0.0,0.0,2192.81,Thomas's Bar,Bacardi,577.5333938195593,False
2023-11-06,2192.81,246.88,0.0,1945.9299999999998,0.0,0.0,0.0,1945.9299999999998,Thomas's Bar,Bacardi,577.5333938195593,False
2023-11-07,1945.9299999999998,0.0,0.0,1945.9299999999998,0.0,0.0,0.0,1945.9299999999998,Thomas's Bar,Bacardi,577.5333938195593,False
2023-11-08,1945.9299999999998,0.0,0.0,1945.9299999999998,0.0,0.0,0.0,1945.9299999999998,Thomas's Bar,Bacardi,577.5333938195593,False
2023-11-09,1945.9299999999998,0.0,0.0,1945.9299999999998,0.0,0.0,0.0,1945.9299999999998,Thomas's Bar,Bacardi,577.5333938195593,False
2023-11-10,1945.9299999999998,0.0,0.0,1945.9299999999998,0.0,0.0,0.0,1945.9299999999998,Thomas's Bar,Bacardi,577.5333938195593,False
2023-11-11,1945.9299999999998,0.0,0.0,1945.9299999999998,0.0,0.0,0.0,1945.9299999999998,Thomas's Bar,Bacardi,577.5333938195593,False
2023-11-12,1945.9299999999998,0.0,0.0,1945.9299999999998,0.0,0.0,0.0,1945.9299999999998,Thomas's Bar,Bacardi,577.5333938195593,False
2023-11-13,1945.9299999999998,0.0,0.0,1945.9299999999998,0.0,0.0,0.0,1945.9299999999998,Thomas's Bar,Bacardi,577.5333938195593,False
2023-11-14,1945.9299999999998,362.27,0.0,1583.6599999999999,0.0,0.0,0.0,1583.6599999999999,Thomas's Bar,Bacardi,577.5333938195593,False
2023-11-15,1583.6599999999999,0.0,0.0,1583.6599999999999,0.0,0.0,0.0,1583.6599999999999,Thomas's Bar,Bacardi,577.5333938195593,False
2023-11-16,1583.6599999999999,0.0,0.0,1583.6599999999999,0.0,0.0,0.0,1583.6599999999999,Thomas's Bar,Bacardi,577.5333938195593,False
2023-11-17,1583.6599999999999,787.31,0.0,796.3499999999999,0.0,0.0,0.0,796.3499999999999,Thomas's Bar,Bacardi,577.5333938195593,False
2023-11-18,796.3499999999999,0.0,0.0,796.3499999999999,0.0,0.0,0.0,796.3499999999999,Thomas's Bar,Bacardi,577.5333938195593,False
2023-11-19,796.3499999999999,0.0,0.0,796.3499999999999,0.0,0.0,0.0,796.3499999999999,Thomas's Bar,Bacardi,577.5333938195593,False
2023-11-20,796.3499999999999,0.0,0.0,796.3499999999999,0.0,0.0,0.0,796.3499999999999,Thomas's Bar,Bacardi,577.5333938195593,False
2023-11-21,796.3499999999999,0.0,0.0,796.3499999999999,0.0,0.0,0.0,796.3499999999999,Thomas's Bar,Bacardi,577.5333938195593,False
2023-11-22,796.3499999999999,131.49,0.0,664.8599999999999,0.0,0.0,0.0,664.8599999999999,Thomas's Bar,Bacardi,577.5333938195593,False
2023-11-23,664.8599999999999,0.0,0.0,664.8599999999999,0.0,0.0,0.0,664.8599999999999,Thomas's Bar,Bacardi,577.5333938195593,False
2023-11-24,664.8599999999999,538.15,0.0,126.70999999999992,0.0,450.8233938195593,0.0,126.70999999999992,Thomas's Bar,Bacardi,577.5333938195593,False
2023-11-25,126.70999999999992,0.0,0.0,126.70999999999992,0.0,0.0,450.8233938195593,577.5333938195593,Thomas's Bar,Bacardi,577.5333938195593,False
2023-11-26,577.5333938195593,0.0,450.8233938195593,577.5333938195593,0.0,0.0,0.0,577.5333938195593,Thomas's Bar,Bacardi,577.5333938195593,False
2023-11-27,577.5333938195593,0.0,0.0,577.5333938195593,0.0,0.0,0.0,577.5333938195593,Thomas's Bar,Bacardi,577.5333938195593,False
2023-11-28,577.5333938195593,0.0,0.0,577.5333938195593,0.0,0.0,0.0,577.5333938195593,Thomas's Bar,Bacardi,577.5333938195593,False
2023-11-29,577.5333938195593,0.0,0.0,577.5333938195593,0.0,0.0,0.0,577.5333938195593,Thomas's Bar,Bacardi,577.5333938195593,False
2023-11-30,577.5333938195593,375.19,0.0,202.34339381955925,0.0,375.19,0.0,202.34339381955925,Thomas's Bar,Bacardi,577.5333938195593,False
2023-12-01,202.34339381955925,0.0,0.0,202.34339381955925,0.0,0.0,375.19,577.5333938195593,Thomas's Bar,Bacardi,577.5333938195593,False
2023-12-02,577.5333938195593,0.0,375.19,577.5333938195593,0.0,0.0,0.0,577.5333938195593,Thomas's Bar,Bacardi,577.5333938195593,False
2023-12-03,577.5333938195593,0.0,0.0,577.5333938195593,0.0,0.0,0.0,577.5333938195593,Thomas's Bar,Bacardi,577.5333938195593,False
2023-12-04,577.5333938195593,0.0,0.0,577.5333938195593,0.0,0.0,0.0,577.5333938195593,Thomas's Bar,Bacardi,577.5333938195593,False
2023-12-05,577.5333938195593,0.0,0.0,577.5333938195593,0.0,0.0,0.0,577.5333938195593,Thomas's Bar,Bacardi,577.5333938195593,False
2023-12-06,577.5333938195593,0.0,0.0,577.5333938195593,0.0,0.0,0.0,577.5333938195593,Thomas's Bar,Bacardi,577.5333938195593,False
2023-12-07,577.5333938195593,0.0,0.0,577.5333938195593,0.0,0.0,0.0,577.5333938195593,Thomas's Bar,Bacardi,577.5333938195593,False
2023-12-08,577.5333938195593,0.0,0.0,577.5333938195593,0.0,0.0,0.0,577.5333938195593,Thomas's Bar,Bacardi,577.5333938195593,False
2023-12-09,577.5333938195593,0.0,0.0,577.5333938195593,0.0,0.0,0.0,577.5333938195593,Thomas's Bar,Bacardi,577.5333938195593,False
2023-12-10,577.5333938195593,563.21,0.0,14.323393819559215,0.0,563.21,0.0,14.323393819559215,Thomas's Bar,Bacardi,577.5333938195593,False
2023-12-11,14.323393819559215,0.0,0.0,14.323393819559215,0.0,0.0,563.21,577.5333938195593,Thomas's Bar,Bacardi,577.5333938195593,False
2023-12-12,577.5333938195593,0.0,563.21,577.5333938195593,0.0,0.0,0.0,577.5333938195593,Thomas's Bar,Bacardi,577.5333938195593,False
2023-12-13,577.5333938195593,0.0,0.0,577.5333938195593,0.0,0.0,0.0,577.5333938195593,Thomas's Bar,Bacardi,577.5333938195593,False
2023-12-14,577.5333938195593,0.0,0.0,577.5333938195593,0.0,0.0,0.0,577.5333938195593,Thomas's Bar,Bacardi,577.5333938195593,False
2023-12-15,577.5333938195593,0.0,0.0,577.5333938195593,0.0,0.0,0.0,577.5333938195593,Thomas's Bar,Bacardi,577.5333938195593,False
2023-12-16,577.5333938195593,0.0,0.0,577.5333938195593,0.0,0.0,0.0,577.5333938195593,Thomas's Bar,Bacardi,577.5333938195593,False
2023-12-17,577.5333938195593,119.71,0.0,457.82339381955927,0.0,119.70999999999998,0.0,457.82339381955927,Thomas's Bar,Bacardi,577.5333938195593,False
2023-12-18,457.82339381955927,0.0,0.0,457.82339381955927,0.0,0.0,119.70999999999998,577.5333938195593,Thomas's Bar,Bacardi,577.5333938195593,False
2023-12-19,577.5333938195593,0.0,119.70999999999998,577.5333938195593,0.0,0.0,0.0,577.5333938195593,Thomas's Bar,Bacardi,577.5333938195593,False
2023-12-20,577.5333938195593,0.0,0.0,577.5333938195593,0.0,0.0,0.0,577.5333938195593,Thomas's Bar,Bacardi,577.5333938195593,False
2023-12-21,577.5333938195593,0.0,0.0,577.5333938195593,0.0,0.0,0.0,577.5333938195593,Thomas's Bar,Bacardi,577.5333938195593,False
2023-12-22,577.5333938195593,298.07,0.0,279.46339381955926,0.0,298.07,0.0,279.46339381955926,Thomas's Bar,Bacardi,577.5333938195593,False
2023-12-23,279.46339381955926,0.0,0.0,279.46339381955926,0.0,0.0,298.07,577.5333938195593,Thomas's Bar,Bacardi,577.5333938195593,False
2023-12-24,577.5333938195593,0.0,298.07,577.5333938195593,0.0,0.0,0.0,577.5333938195593,Thomas's Bar,Bacardi,577.5333938195593,False
2023-12-25,577.5333938195593,0.0,0.0,577.5333938195593,0.0,0.0,0.0,577.5333938195593,Thomas's Bar,Bacardi,577.5333938195593,False
2023-12-26,577.5333938195593,0.0,0.0,577.5333938195593,0.0,0.0,0.0,577.5333938195593,Thomas's Bar,Bacardi,577.5333938195593,False
2023-12-27,577.5333938195593,0.0,0.0,577.5333938195593,0.0,0.0,0.0,577.5333938195593,Thomas's Bar,Bacardi,577.5333938195593,False
2023-12-28,577.5333938195593,0.0,0.0,577.5333938195593,0.0,0.0,0.0,577.5333938195593,Thomas's Bar,Bacardi,577.5333938195593,False
2023-12-29,577.5333938195593,0.0,0.0,577.5333938195593,0.0,0.0,0.0,577.5333938195593,Thomas's Bar,Bacardi,577.5333938195593,False
2023-12-30,577.5333938195593,0.0,0.0,577.5333938195593,0.0,0.0,0.0,577.5333938195593,Thomas's Bar,Bacardi,577.5333938195593,False
2023-12-31,577.5333938195593,0.0,0.0,577.5333938195593,0.0,0.0,0.0,577.5333938195593,Thomas's Bar,Bacardi,577.5333938195593,False
2024-01-01,577.5333938195593,572.6,0.0,4.933393819559228,0.0,572.6,0.0,4.933393819559228,Thomas's Bar,Bacardi,577.5333938195593,False
2023-10-20,535.57,313.91,0.0,221.66000000000003,0.0,60.46305455359112,0.0,221.66000000000003,Thomas's Bar,Sutter Home,282.12305455359115,False
2023-10-21,221.66000000000003,0.0,0.0,221.66000000000003,0.0,0.0,60.46305455359112,282.12305455359115,Thomas's Bar,Sutter Home,282.12305455359115,False
2023-10-22,282.12305455359115,0.0,60.46305455359112,282.12305455359115,0.0,0.0,0.0,282.12305455359115,Thomas's Bar,Sutter Home,282.12305455359115,False
2023-10-23,282.12305455359115,0.0,0.0,282.12305455359115,0.0,0.0,0.0,282.12305455359115,Thomas's Bar,Sutter Home,282.12305455359115,False
2023-10-24,282.12305455359115,0.0,0.0,282.12305455359115,0.0,0.0,0.0,282.12305455359115,Thomas's Bar,Sutter Home,282.12305455359115,False
2023-10-25,282.12305455359115,0.0,0.0,282.12305455359115,0.0,0.0,0.0,282.12305455359115,Thomas's Bar,Sutter Home,282.12305455359115,False
2023-10-26,282.12305455359115,0.0,0.0,282.12305455359115,0.0,0.0,0.0,282.12305455359115,Thomas's Bar,Sutter Home,282.12305455359115,False
2023-10-27,282.12305455359115,0.0,0.0,282.12305455359115,0.0,0.0,0.0,282.12305455359115,Thomas's Bar,Sutter Home,282.12305455359115,False
2023-10-28,282.12305455359115,0.0,0.0,282.12305455359115,0.0,0.0,0.0,282.12305455359115,Thomas's Bar,Sutter Home,282.12305455359115,False
2023-10-29,282.12305455359115,0.0,0.0,282.12305455359115,0.0,0.0,0.0,282.12305455359115,Thomas's Bar,Sutter Home,282.12305455359115,False
2023-10-30,282.12305455359115,0.0,0.0,282.12305455359115,0.0,0.0,0.0,282.12305455359115,Thomas's Bar,Sutter Home,282.12305455359115,False
2023-10-31,282.12305455359115,0.0,0.0,282.12305455359115,0.0,0.0,0.0,282.12305455359115,Thomas's Bar,Sutter Home,282.12305455359115,False
2023-11-01,282.12305455359115,212.46,0.0,69.66305455359114,0.0,212.46,0.0,69.66305455359114,Thomas's Bar,Sutter Home,282.12305455359115,False
2023-11-02,69.66305455359114,0.0,0.0,69.66305455359114,0.0,0.0,212.46,282.12305455359115,Thomas's Bar,Sutter Home,282.12305455359115,False
2023-11-03,282.12305455359115,0.0,212.46,282.12305455359115,0.0,0.0,0.0,282.12305455359115,Thomas's Bar,Sutter Home,282.12305455359115,False
2023-11-04,282.12305455359115,0.0,0.0,282.12305455359115,0.0,0.0,0.0,282.12305455359115,Thomas's Bar,Sutter Home,282.12305455359115,False
2023-11-05,282.12305455359115,525.32,0.0,0.0,243.1969454464089,282.12305455359115,0.0,0.0,Thomas's Bar,Sutter Home,282.12305455359115,True
2023-11-06,0.0,0.0,0.0,0.0,0.0,0.0,282.12305455359115,282.12305455359115,Thomas's Bar,Sutter Home,282.12305455359115,True
2023-11-07,282.12305455359115,0.0,282.12305455359115,282.12305455359115,0.0,0.0,0.0,282.12305455359115,Thomas's Bar,Sutter Home,282.12305455359115,False
2023-11-08,282.12305455359115,0.0,0.0,282.12305455359115,0.0,0.0,0.0,282.12305455359115,Thomas's Bar,Sutter Home,282.12305455359115,False
2023-11-09,282.12305455359115,0.0,0.0,282.12305455359115,0.0,0.0,0.0,282.12305455359115,Thomas's Bar,Sutter Home,282.12305455359115,False
2023-11-10,282.12305455359115,0.0,0.0,282.12305455359115,0.0,0.0,0.0,282.12305455359115,Thomas's Bar,Sutter Home,282.12305455359115,False
2023-11-11,282.12305455359115,0.0,0.0,282.12305455359115,0.0,0.0,0.0,282.12305455359115,Thomas's Bar,Sutter Home,282.12305455359115,False
2023-11-12,282.12305455359115,0.0,0.0,282.12305455359115,0.0,0.0,0.0,282.12305455359115,Thomas's Bar,Sutter Home,282.12305455359115,False
2023-11-13,282.12305455359115,0.0,0.0,282.12305455359115,0.0,0.0,0.0,282.12305455359115,Thomas's Bar,Sutter Home,282.12305455359115,False
2023-11-14,282.12305455359115,0.0,0.0,282.12305455359115,0.0,0.0,0.0,282.12305455359115,Thomas's Bar,Sutter Home,282.12305455359115,False
2023-11-15,282.12305455359115,0.0,0.0,282.12305455359115,0.0,0.0,0.0,282.12305455359115,Thomas's Bar,Sutter Home,282.12305455359115,False
2023-11-16,282.12305455359115,0.0,0.0,282.12305455359115,0.0,0.0,0.0,282.12305455359115,Thomas's Bar,Sutter Home,282.12305455359115,False
2023-11-17,282.12305455359115,0.0,0.0,282.12305455359115,0.0,0.0,0.0,282.12305455359115,Thomas's Bar,Sutter Home,282.12305455359115,False
2023-11-18,282.12305455359115,474.0,0.0,0.0,191.87694544640885,282.12305455359115,0.0,0.0,Thomas's Bar,Sutter Home,282.12305455359115,True
2023-11-19,0.0,0.0,0.0,0.0,0.0,0.0,282.12305455359115,282.12305455359115,Thomas's Bar,Sutter Home,282.12305455359115,True
2023-11-20,282.12305455359115,467.74,282.12305455359115,0.0,185.61694544640886,282.12305455359115,0.0,0.0,Thomas's Bar,Sutter Home,282.12305455359115,True
2023-11-21,0.0,0.0,0.0,0.0,0.0,0.0,282.12305455359115,282.12305455359115,Thomas's Bar,Sutter Home,282.12305455359115,True
2023-11-22,282.12305455359115,0.0,282.12305455359115,282.12305455359115,0.0,0.0,0.0,282.12305455359115,Thomas's Bar,Sutter Home,282.12305455359115,False
2023-11-23,282.12305455359115,0.0,0.0,282.12305455359115,0.0,0.0,0.0,282.12305455359115,Thomas's Bar,Sutter Home,282.12305455359115,False
2023-11-24,282.12305455359115,0.0,0.0,282.12305455359115,0.0,0.0,0.0,282.12305455359115,Thomas's Bar,Sutter Home,282.12305455359115,False
2023-11-25,282.12305455359115,0.0,0.0,282.12305455359115,0.0,0.0,0.0,282.12305455359115,Thomas's Bar,Sutter Home,282.12305455359115,False
2023-11-26,282.12305455359115,0.0,0.0,282.12305455359115,0.0,0.0,0.0,282.12305455359115,Thomas's Bar,Sutter Home,282.12305455359115,False
2023-11-27,282.12305455359115,0.0,0.0,282.12305455359115,0.0,0.0,0.0,282.12305455359115,Thomas's Bar,Sutter Home,282.12305455359115,False
2023-11-28,282.12305455359115,0.0,0.0,282.12305455359115,0.0,0.0,0.0,282.12305455359115,Thomas's Bar,Sutter Home,282.12305455359115,False
2023-11-29,282.12305455359115,0.0,0.0,282.12305455359115,0.0,0.0,0.0,282.12305455359115,Thomas's Bar,Sutter Home,282.12305455359115,False
2023-11-30,282.12305455359115,0.0,0.0,282.12305455359115,0.0,0.0,0.0,282.12305455359115,Thomas's Bar,Sutter Home,282.12305455359115,False
2023-12-01,282.12305455359115,0.0,0.0,282.12305455359115,0.0,0.0,0.0,282.12305455359115,Thomas's Bar,Sutter Home,282.12305455359115,False
2023-12-02,282.12305455359115,0.0,0.0,282.12305455359115,0.0,0.0,0.0,282.12305455359115,Thomas's Bar,Sutter Home,282.12305455359115,False
2023-12-03,282.12305455359115,314.47,0.0,0.0,32.34694544640888,282.12305455359115,0.0,0.0,Thomas's Bar,Sutter Home,282.12305455359115,True
2023-12-04,0.0,0.0,0.0,0.0,0.0,0.0,282.12305455359115,282.12305455359115,Thomas's Bar,Sutter Home,282.12305455359115,True
2023-12-05,282.12305455359115,0.0,282.12305455359115,282.12305455359115,0.0,0.0,0.0,282.12305455359115,Thomas's Bar,Sutter Home,282.12305455359115,False
2023-12-06,282.12305455359115,0.0,0.0,282.12305455359115,0.0,0.0,0.0,282.12305455359115,Thomas's Bar,Sutter Home,282.12305455359115,False
2023-12-07,282.12305455359115,13.73,0.0,268.3930545535911,0.0,13.730000000000018,0.0,268.3930545535911,Thomas's Bar,Sutter Home,282.12305455359115,False
2023-12-08,268.3930545535911,0.0,0.0,268.3930545535911,0.0,0.0,13.730000000000018,282.12305455359115,Thomas's Bar,Sutter Home,282.12305455359115,False
2023-12-09,282.12305455359115,0.0,13.730000000000018,282.12305455359115,0.0,0.0,0.0,282.12305455359115,Thomas's Bar,Sutter Home,282.12305455359115,False
2023-12-10,282.12305455359115,0.0,0.0,282.12305455359115,0.0,0.0,0.0,282.12305455359115,Thomas's Bar,Sutter Home,282.12305455359115,False
2023-12-11,282.12305455359115,0.0,0.0,282.12305455359115,0.0,0.0,0.0,282.12305455359115,Thomas's Bar,Sutter Home,282.12305455359115,False
2023-12-12,282.12305455359115,0.0,0.0,282.12305455359115,0.0,0.0,0.0,282.12305455359115,Thomas's Bar,Sutter Home,282.12305455359115,False
2023-12-13,282.12305455359115,0.0,0.0,282.12305455359115,0.0,0.0,0.0,282.12305455359115,Thomas's Bar,Sutter Home,282.12305455359115,False
2023-12-14,282.12305455359115,0.0,0.0,282.12305455359115,0.0,0.0,0.0,282.12305455359115,Thomas's Bar,Sutter Home,282.12305455359115,False
2023-12-15,282.12305455359115,0.0,0.0,282.12305455359115,0.0,0.0,0.0,282.12305455359115,Thomas's Bar,Sutter Home,282.12305455359115,False
2023-12-16,282.12305455359115,0.0,0.0,282.12305455359115,0.0,0.0,0.0,282.12305455359115,Thomas's Bar,Sutter Home,282.12305455359115,False
2023-12-17,282.12305455359115,0.0,0.0,282.12305455359115,0.0,0.0,0.0,282.12305455359115,Thomas's Bar,Sutter Home,282.12305455359115,False
2023-12-18,282.12305455359115,0.0,0.0,282.12305455359115,0.0,0.0,0.0,282.12305455359115,Thomas's Bar,Sutter Home,282.12305455359115,False
2023-12-19,282.12305455359115,0.0,0.0,282.12305455359115,0.0,0.0,0.0,282.12305455359115,Thomas's Bar,Sutter Home,282.12305455359115,False
2023-12-20,282.12305455359115,0.0,0.0,282.12305455359115,0.0,0.0,0.0,282.12305455359115,Thomas's Bar,Sutter Home,282.12305455359115,False
2023-12-21,282.12305455359115,0.0,0.0,282.12305455359115,0.0,0.0,0.0,282.12305455359115,Thomas's Bar,Sutter Home,282.12305455359115,False
2023-12-22,282.12305455359115,0.0,0.0,282.12305455359115,0.0,0.0,0.0,282.12305455359115,Thomas's Bar,Sutter Home,282.12305455359115,False
2023-12-23,282.12305455359115,0.0,0.0,282.12305455359115,0.0,0.0,0.0,282.12305455359115,Thomas's Bar,Sutter Home,282.12305455359115,False
2023-12-24,282.12305455359115,0.0,0.0,282.12305455359115,0.0,0.0,0.0,282.12305455359115,Thomas's Bar,Sutter Home,282.12305455359115,False
2023-12-25,282.12305455359115,0.0,0.0,282.12305455359115,0.0,0.0,0.0,282.12305455359115,Thomas's Bar,Sutter Home,282.12305455359115,False
2023-12-26,282.12305455359115,0.0,0.0,282.12305455359115,0.0,0.0,0.0,282.12305455359115,Thomas's Bar,Sutter Home,282.12305455359115,False
2023-12-27,282.12305455359115,0.0,0.0,282.12305455359115,0.0,0.0,0.0,282.12305455359115,Thomas's Bar,Sutter Home,282.12305455359115,False
2023-12-28,282.12305455359115,0.0,0.0,282.12305455359115,0.0,0.0,0.0,282.12305455359115,Thomas's Bar,Sutter Home,282.12305455359115,False
2023-12-29,282.12305455359115,0.0,0.0,282.12305455359115,0.0,0.0,0.0,282.12305455359115,Thomas's Bar,Sutter Home,282.12305455359115,False
2023-12-30,282.12305455359115,110.36,0.0,171.76305455359113,0.0,110.36000000000001,0.0,171.76305455359113,Thomas's Bar,Sutter Home,282.12305455359115,False
2023-12-31,171.76305455359113,0.0,0.0,171.76305455359113,0.0,0.0,110.36000000000001,282.12305455359115,Thomas's Bar,Sutter Home,282.12305455359115,False
2024-01-01,282.12305455359115,0.0,110.36000000000001,282.12305455359115,0.0,0.0,0.0,282.12305455359115,Thomas's Bar,Sutter Home,282.12305455359115,False
